Video title,Video publish time,End screen element clicks,Card clicks,Views from playlist,Comments added,Shares,Likes (vs. dislikes) (%),Dislikes,Likes,Subscribers lost,Subscribers gained,Average percentage viewed (%),Views,Watch time (hours),Subscribers,Average view duration,Impressions,Impressions click-through rate (%)
Highest Chase in ODI History By Pakistan Against Australia | Pakistan vs Australia |ODI | PCB | MM2A,9-Jul-23,46407,6,54,1090,14133,96.33,2285,59924,667,15737,26.94,8615905,675663.0801,15070,0:04:42,138426363,4.97
6Ô∏è‚É£6Ô∏è‚É£6Ô∏è‚É£6Ô∏è‚É£6Ô∏è‚É£6Ô∏è‚É£| Fauji's Power Show Against Kiwis Bowlers | Pakistan vs New Zealand | PCB | M2B2A,2-May-23,21766,0,6,271,20149,96.21,638,16188,116,4734,53.67,2954503,51530.3942,4618,0:01:02,31555785,8.24
Game Changing 18th Over | Iftikhar Ahmed vs Adam Milne | Pakistan vs New Zealand | PCB | M2B2A,17-Apr-23,18454,0,,44,3993,97.13,149,5046,41,1540,56.99,1005510,17669.6142,1499,0:01:03,13185024,6.26
Pakistan Chased the Target of 337 Runs | Shaheens Creates History Over Kiwis | ODI | PCB | M2B2A,21-Jan-24,15834,1,1,258,4505,97.06,519,17160,189,3952,33.03,2309683,141148.4333,3763,0:03:40,34384053,5.55
Highlights | South Africa vs Pakistan | 3rd T20I 2021 | CSA | MJ2A,25-Aug-23,14776,1,5,163,3038,96.52,538,14934,161,2868,30.14,1788851,164725.9146,2707,0:05:31,27855993,5.26
Let's Rewind Pakistan's 1Ô∏è‚É£0Ô∏è‚É£- Wicket Victory | Babar's Century & Rizwan's Power Show | PCB | MU2A,4-Sep-23,14566,2,6,290,3904,98.02,388,19213,179,2651,38.78,1694496,88897.3777,2472,0:03:08,26539074,4.9
6 - 6 - 6 | Shahid Afridi vs Chris Woakes | Pakistan vs England | 2nd T20I 2015 | PCB | MA2A,1-Apr-23,14361,8,15,407,9775,94.93,1350,25293,311,14899,42.64,4690356,236130.073,14588,0:03:01,67653327,4.86
Biggest Fights in HBL PSL History | HBL PSL | MI2A,19-Jan-23,11778,0,1,352,1828,95.47,464,9774,149,1678,47.02,1047720,68277.7057,1529,0:03:54,17340158,4.48
Worst Powerplay By Australia | Pakistan vs Australia | PCB | MA2L,12-Aug-22,10882,0,6,117,1711,96.55,248,6931,110,1523,38.27,1323647,55445.2111,1413,0:02:30,16868342,6.18
Pakistan Wins The ODI Series Against Australia After 20 Long Years | ODI | PCB | MM2A,10-Jul-23,10810,1,39,247,2922,96.91,618,19385,231,3661,27.23,2607606,185980.878,3430,0:04:16,29597139,6.85
Shahid Afridi The HERO | Nail Biting Thriller | Pakistan vs England | PCB | MA2A,1-Apr-23,10066,1,7,303,7729,94.9,951,17713,197,7651,36.23,3553569,193135.5689,7454,0:03:15,64280571,4.41
England All Out on 72 | Pakistan Famous Victory vs England | PCB | MA2T,21-Nov-22,9495,0,,133,1527,97.11,162,5448,49,1286,37.06,1076491,57734.3062,1237,0:03:13,15137451,5.92
Highlights | Pakistan vs West Indies | T20I | PCB | MK2L,19-May-23,9074,2,8,39,4037,94.72,453,8120,91,3687,31.27,1196295,99331.0338,3596,0:04:58,22574350,4.16
Australia All Out on 89 | Historical Win For Pakistan | Australia vs Pakistan | PCB | MA2L,18-Mar-22,8032,1,5,148,2149,95.52,454,9675,145,2331,32.66,1557544,164914.3191,2186,0:06:21,22667797,5.02
Hyderabad ‚úàÔ∏è Ahmedabad | Pakistan Captain is All Set For The ICC Captains Day ¬©Ô∏è | PCB | MA2A,4-Oct-23,7693,3,70,617,2581,98.8,247,20346,137,2420,67.52,1686802,22460.83,2283,0:00:47,12461906,12.32
Another High Scoring Game | Sultans Chase Huge Score | Quetta vs Multan | HBL PSL 2023 | MI2A,15-Feb-24,7683,0,2,116,1401,96.45,349,9484,94,3358,36.56,862059,101827.2298,3264,0:07:05,16006606,3.91
Highlights | South Africa vs Pakistan | ODI | CSA | MJ2A,28-Jun-23,7572,2,15,452,3578,96.95,605,19213,217,4896,27.84,2417673,203451.1215,4679,0:05:02,37759641,5.17
Pakistan vs Australia | 1st T20I Highlights | PCB | MA2E,12-May-21,7220,0,95,56,1364,96.76,148,4419,51,1532,24.1,968582,75407.0433,1481,0:04:40,15672543,5.17
Super Over Thriller Match | Highlights | Pakistan vs Australia | PCB | MA2L,4-Feb-23,6923,2,1,138,3444,94.26,807,13242,120,4387,37.57,1961471,252792.2516,4267,0:07:43,31329854,4.45
150+ KPH | Fastest Bowling Spell Ever By Haris Rauf | HBL PSL 8 | MI2A,15-Mar-23,6558,0,11,52,4870,98.21,49,2682,23,324,67.05,239722,3571.6835,301,0:00:53,2473365,8.13
Chris Gayle Wins Everyone's Heart | HBLPSL | MG2T,6-Jan-22,6532,0,17,76,1276,97.27,139,4945,76,2434,33.17,1143788,51846.291,2358,0:02:43,16894351,5.89
New Zealand Defend Lowest Target Against Pakistan | Pakistan vs New Zealand Test | PCB | MA2L,22-Dec-22,6508,1,4,321,421,97.57,137,5490,70,694,34.99,1007627,47107.0431,624,0:02:48,13262778,6.7
Unbelievable Run Chase By Pakistan | Pakistan vs West Indies | PCB | MA2T,14-Jun-22,6416,2,16,133,4681,96.71,420,12330,169,3423,26.13,2059587,150528.8185,3254,0:04:23,33038203,5.46
Shaheen Shah Afridi's First Over Wicket Obsession | Pakistan vs New Zealand | 1st T20I 2024 | PCB,18-Apr-24,6374,0,2,281,2382,98.72,177,13700,88,2301,65.76,926239,20134.6637,2213,0:01:18,7867433,9.66
Most Thrilling Last Over in T20I Cricket History | Pakistan vs New Zealand | T20I | PCB | M2B2A,17-Sep-23,6152,0,2,111,1725,94.06,468,7415,57,3466,38.27,2198489,83905.5614,3409,0:02:17,19219955,9.12
1st Innings Highlights | Pakistan vs New Zealand | 2nd T20I 2024 | PCB | M2E2A,20-Apr-24,6146,0,16,693,3455,97.73,403,17384,128,3558,49.89,1448474,101569.4107,3430,0:04:12,12718587,9.76
Shaheen Afridi is on Fire | Expensive Last Over |6Ô∏è‚É£4Ô∏è‚É£6Ô∏è‚É£6Ô∏è‚É£| Pakistan vs New Zealand | PCB | M2B2A,5-May-23,5980,2,3,57,4721,96.74,129,3832,35,1102,51.7,662306,11223.8389,1067,0:01:01,8078048,6.51
Father vs Son | Azam Khan vs Shahid Afridi | Azam Khan Huge Sixes | HBL PSL | ML2A,21-Jun-23,5646,2,2,464,1813,95.61,352,7670,105,1222,37.99,2826812,64727.2915,1117,0:01:22,25589270,9.73
AB de Villiers vs Mohammad Amir | Class vs Class | Lahore vs Karachi | HBL PSL | MB2A,31-May-23,5640,4,12,286,5749,98.17,356,19059,173,2711,54.24,1808086,45767.7846,2538,0:01:31,24764010,6.56
Highlights | Pakistan vs England | T20I | PCB | MU1T,11-Nov-22,5571,0,16,92,4914,95.44,545,11402,117,3283,28.79,1370119,113086.3283,3166,0:04:57,14978800,7.23
Highlights | Pakistan vs Australia | ODI | PCB | MM2A,23-Aug-23,5562,0,,210,7675,94.17,971,15677,192,5472,27.74,1703373,123775.2486,5280,0:04:21,19922883,6.97
Pakistan are 71-5 | Then Shahid Afridi Changed the Whole Game | Pakistan vs Sri Lanka | PCB | MA2A,5-Apr-23,5395,0,157,124,953,96.08,172,4215,50,1229,38.65,1248547,65018.0596,1179,0:03:07,13290923,7.72
Which Knock is Best of Fakhar Zaman? | 1Ô∏è‚É£9Ô∏è‚É£3Ô∏è‚É£ OR 1Ô∏è‚É£8Ô∏è‚É£0Ô∏è‚É£*,30-Jul-23,5342,2,3,156,2787,97.09,300,10024,87,2237,31.66,1390829,89052.9969,2150,0:03:50,22876303,4.84
Let's Rewind Pakistan's Record Huge Run Chase | Pakistan vs Australia | 2nd ODI 2022 | PCB | MM2A,24-Mar-23,5335,0,19,81,2137,95.26,284,5713,60,2271,35.84,1303125,67712.6159,2211,0:03:07,19048477,5.48
Highlights | Pakistan vs South Africa | T20I | CSA | MJ2A,12-Feb-23,5282,0,2,71,2011,97.11,189,6349,67,1006,35.12,601975,64591.9989,939,0:06:26,10147668,4.44
Let's Rewind Pakistan's Historic Chase Against Kiwis | Pakistan vs New Zealand | ODI | PCB | M2B2A,24-May-23,5223,0,1418,59,2075,97.54,204,8082,52,1565,35.17,752398,46893.6773,1513,0:03:44,10464468,5.61
Highlights | Pakistan vs West Indies | 1st T20I | PCB | MA2E,17-Apr-21,5012,0,,19,577,96.48,87,2386,16,349,34.43,245680,27210.7798,333,0:06:38,3280068,5.72
Unbelievable Run Chase By Pakistan | Pakistan vs West Indies | PCB | MO2L,7-Jul-23,4993,0,6,109,2033,96.7,360,10538,109,1810,33.52,1052141,99446.558,1701,0:05:40,17268910,4.63
National Anthem of Pakistan | Pakistan vs New Zealand | 1st ODI 2023 | PCB | M2B2A,27-Apr-23,4956,0,4,246,7020,96.5,220,6069,65,1248,57.57,483081,6334.8797,1183,0:00:47,3689540,10.88
PSL 9 | Winning Moments | Multan Sultans vs Islamabad United | Match 34 Final | M1Z2A,18-Mar-24,4954,0,397,110,1937,98.24,63,3517,22,366,51,350892,5667.3948,344,0:00:58,1544915,12.01
Full Highlights | Pakistan vs South Africa | 3rd T20I 2021 | PCB | ME2E,14-Feb-21,4807,0,4,27,2025,94.87,238,4399,63,1148,31.97,491027,44789.8626,1085,0:05:28,7402603,4.62
Shahid Afridi vs Shaheen Shah Afridi | Lahore Qalandars vs Karachi Kings | HBL PSL 2018 | MB2A,30-May-23,4777,0,1,121,3703,97.42,149,5631,47,1208,64.12,893404,18140.4676,1161,0:01:13,11383283,6.86
When Dreams Come True | Shaheen and Amir Bowling Together ü¶Ö ü§© | DP World ILT20,24-Jan-24,4751,0,3,54,1343,99.5,10,2004,26,236,63.49,205942,2179.1341,210,0:00:38,1098578,10.69
3rd T20I Century By Babar Azam | High Scoring Thriller | Pakistan vs New Zealand |T20I | PCB | M2B2A,22-Oct-23,4705,0,21,68,1260,98.08,134,6829,68,840,31.19,603390,55049.3209,772,0:05:28,8537006,5.38
PSL 9 | 2nd Innings Highlights | Multan Sultans vs Islamabad United | Match 34 Final | M2A1A,18-Mar-24,4664,0,5097,90,768,98.02,53,2620,17,275,62.22,228235,19763.6452,258,0:05:11,1159484,16.99
Naseem Shah & Abrar Ahmed's Crucial Partnership | Pakistan vs New Zealand | Test | PCB | MZ2A,18-May-23,4633,1,5,32,594,98.13,80,4190,49,626,33.55,681987,30891.8812,577,0:02:43,8823473,6.32
Worst Start But Thrilling End | Pakistan vs India | Historical Match Ever | 3rd Test | MA2T,24-Mar-21,4596,0,8,269,1321,95.94,266,6289,80,1291,21.33,716825,75489.5402,1211,0:06:19,12965842,4.43
Beautiful Innings By Imam But Ended With Killer Bouncer | Pakistan vs New Zealand | PCB | MA2E,24-Nov-21,4576,0,33,61,543,95.04,53,1015,41,322,48.94,344835,5109.4961,281,0:00:53,2771516,11.62
Iftikhar Ahmed's 6Ô∏è‚É£ sixes and 3Ô∏è‚É£ fours in a fiery half-century vs New Zealand | PCB | M2B2A,4-Jul-23,4574,3,3,108,3104,98.18,119,6418,57,870,43.96,695653,23700.2488,813,0:02:02,8964248,5.97
PSL 9 | Top Catches in HBL PSL 9 so Far! | M1Z2A,3-Mar-24,4480,0,106,32,819,98.18,17,916,13,120,60.79,89319,1779.8474,107,0:01:11,1090180,6.05
Highlights | Pakistan vs England | T20I | PCB | MU2A,14-Mar-23,4467,0,1,85,1396,96.29,257,6673,44,1393,35.84,628483,63199.3424,1349,0:06:02,7728813,6.01
Fakhar Zaman & Mohammad Rizwan Helps Pakistan to Chase the Target of 3Ô∏è‚É£3Ô∏è‚É£7Ô∏è‚É£ | PCB | M2B2A,2-Nov-23,4318,0,12,48,1009,96.43,206,5557,61,1092,27.72,760553,73857.7777,1031,0:05:49,8797495,6.69
Highlights | Pakistan vs New Zealand | ODI | PCB | M2B2A,9-May-23,4264,0,119,46,3712,95.77,402,9110,87,2262,24.61,1133470,97727.2603,2175,0:05:10,13390713,6.83
Azam Khan vs Mohammad Amir | Mohammad Amir Got Angry üò°üóØ | Epic Scenes in HBL PSL | MI2A,13-Jan-24,4192,0,,51,467,95.26,106,2132,24,412,49.56,501536,16225.2631,388,0:01:56,5664558,7.48
Match Winning Batting By Boom Boom Shahid Afridi | Pakistan vs Sri Lanka | 1st T20I 2013 |PCB | MA2A,15-May-23,4167,0,22,67,4430,96.58,184,5191,51,1319,47.7,673042,28980.4948,1268,0:02:35,6723263,8
Low Scoring But Thrilling End | Unbelievable Victory | Pakistan vs England | T20I | PCB | MU2A,3-Feb-24,4061,0,7,52,939,95.83,253,5807,52,1078,34.04,586879,55381.0918,1026,0:05:39,9367344,4.42
Babar Azam vs Mohammad Amir | Karachi Kings vs Peshawar Zalmi | Match 2 | HBL PSL 8 | MI2A,14-Feb-23,4061,3,3,155,2557,96.66,154,4460,51,697,52.62,621717,15902.0409,646,0:01:32,7322335,7.37
1st Innings Highlights | Peshawar Zalmi vs Islamabad United | Match 13 | HBL PSL 9 | M2A1A,26-Feb-24,4060,0,168,330,2260,98.41,136,8415,75,1076,58.38,530982,44259.4373,1001,0:05:00,4755912,9.99
"Shaheen Shah Afridi Meet Virat Kohli, Chahal, KL Rahul and Rishabh Pant | PCB | MA2L",26-Aug-22,4036,0,124,250,1426,98.97,148,14235,135,2854,37.74,2017853,41456.104,2719,0:01:13,20306041,8.84
A Warm Welcome in Hyderabad as Pakistan Team Land on Indian Shores | #CWC23 | PCB | MA2A,28-Sep-23,4035,0,132,127,1055,98.64,31,2255,8,318,53.43,150876,3717.4548,310,0:01:28,1196196,10.26
Pakistan Vs Australia | 2nd T20I Highlights | PCB | MA2E,26-Aug-21,3933,0,30,55,1085,94.32,318,5283,53,2109,31.54,1070604,104949.0331,2056,0:05:52,23604612,3.71
Shaheen Shah Afridi Blistering Batting Against West Indies | Pakistan vs West Indies | PCB | MO2A,21-May-23,3868,1,5,29,1074,95.62,175,3822,40,1102,45.73,496035,16698.239,1062,0:02:01,5876379,5.9
PSL 9 | 1st Innings Highlights | Peshawar Zalmi vs Quetta Gladiators | Match 25 | M2A1A,8-Mar-24,3800,0,1975,116,1024,98.44,91,5744,44,614,57.01,413115,33689.3896,570,0:04:53,2941715,12.32
Highest Chase in T20I Cricket By Babar Azam & M Rizwan | Pakistan vs West Indies | T20I | PCB | MK2A,2-Oct-23,3792,0,12,375,3708,96.2,806,20395,263,4455,27.61,3391814,275522.4886,4192,0:04:52,46406496,6.03
Quetta Need 4Ô∏è‚É£4Ô∏è‚É£ Runs in 1Ô∏è‚É£8Ô∏è‚É£ Balls | Sarfaraz Ahmed's Show Time | Islamabad vs Quetta | ML2A,21-Jun-23,3722,2,,49,473,98.32,43,2511,25,192,47.44,209832,9097.1239,167,0:02:36,3131491,5.29
2nd Innings Highlights | Lahore Qalandars vs Karachi Kings | Match 10 | HBL PSL 9 | M2A1A,24-Feb-24,3673,0,107,98,830,97.83,65,2926,39,490,56.33,284085,22671.3136,451,0:04:47,2803553,8.97
2nd Innings Highlights | Pakistan vs New Zealand | 5th T20I 2024 | PCB | M2E2A,27-Apr-24,3659,0,4,259,1145,97.05,175,5754,39,826,50.24,673589,47937.342,787,0:04:16,7401637,7.71
Shahid Afridi vs Harbhajan Singh | 6Ô∏è‚É£ Balls 6Ô∏è‚É£ Sixes | 6Ô∏è‚É£-6Ô∏è‚É£-6Ô∏è‚É£-6Ô∏è‚É£-6Ô∏è‚É£-6Ô∏è‚É£ | PCB | MA2A,23-Jul-23,3601,0,,128,2679,95.53,223,4765,50,1335,67.68,943825,17212.3463,1285,0:01:05,10819464,7.57
Shahid Afridi Always Performs Well in Crucial Stage | Pakistan vs New Zealand | 4th ODI | PCB | MA2A,28-Mar-23,3588,1,4,64,1268,95.98,152,3632,46,1318,38.33,795224,40725.1606,1272,0:03:04,11708316,5.64
Pakistan vs Australia | 3rd T20I Highlights | PCB | MA2E,27-Aug-21,3550,0,3,8,467,93.93,123,1904,20,843,28.62,485277,45179.7708,823,0:05:35,6643809,5.81
Match Saving 196 By Babar Azam Against Australia | Pakistan vs Australia | 2nd Test 2022 |PCB | MM2L,27-Nov-22,3538,0,,84,3314,98.55,75,5105,32,634,34.31,328434,20655.9532,602,0:03:46,4246374,6.35
2nd Innings Highlights | Pakistan vs New Zealand | 4th T20I 2024 | PCB | M2E2A,25-Apr-24,3511,0,2,890,901,96.48,197,5395,72,853,49.29,641240,45563.1775,781,0:04:15,6219377,9.19
Mohammad Amir's Magical 1st Over in HBL PSL History | Peshawar vs Karachi | HBL PSL | MB2A,15-Jun-23,3495,0,9,117,3250,97.42,147,5541,66,718,40.88,1167503,32880.772,652,0:01:41,14015943,7.41
Target 300 & Pakistan 4-82 | Great Fight By PAK | Pakistan vs New Zealand | 4th ODI 2014 |PCB | MA2A,8-Apr-23,3475,1,4,39,998,95.88,149,3467,44,597,40.13,676130,39267.7768,553,0:03:29,9402139,6.06
Gladiators Created History | High Scoring PSL Match | Quetta vs Peshawar | HBL PSL 2023 | MI2A,14-Feb-24,3390,0,1,147,1646,97.14,259,8810,97,2481,33.06,700065,64158.29,2384,0:05:29,12266393,4.54
4Ô∏è‚É£-6Ô∏è‚É£-4Ô∏è‚É£-4Ô∏è‚É£-4Ô∏è‚É£ | Babar Azam vs Hunain Shah | Peshawar Zalmi vs Islamabad United | M2A1A,26-Feb-24,3360,0,63,78,637,98.9,26,2334,26,235,51.85,242756,6713.5653,209,0:01:39,2815454,7.22
Shaheen Shah Afridi First over Wickets Compilation!,4-Aug-23,3337,3,2,60,4129,98.8,42,3461,31,261,41.83,226960,5511.4531,230,0:01:27,2047322,9.03
Fakhar Zaman Played Like Alone Fighter Against Proteas | South Africa vs Pakistan | ODI | CSA | MJ2A,29-May-23,3311,0,2,84,1291,96.57,145,4080,29,858,36.9,542752,43840.1344,829,0:04:50,9532777,4.29
Highlights | Pakistan vs Australia | T20I | PCB | MM2A,21-Aug-23,3291,0,28,198,1591,96.34,312,8201,109,2126,33.36,1046924,96248.3253,2017,0:05:30,11743155,7.96
You Will Love To Watch These Sixes | Azam Khan Sixes | HBL PSL 8 | MI2A,24-Feb-23,3284,0,,94,1587,96.36,102,2698,24,597,54.27,407565,9154.4486,573,0:01:20,5505937,6.46
Wickets in 1st Over | Mohammad Amir vs Shaheen Shah Afridi | HBL PSL | ML2A,22-Jun-23,3275,2,3,534,4270,97.82,277,12417,154,2414,30.67,1859280,78876.6679,2260,0:02:32,25936646,5.47
Fighting Knock By Boom Boom Shahid Afridi | Peshawar vs Karachi | HBL PSL | MB2A,11-Feb-23,3204,0,2,49,1807,97.77,83,3647,37,698,43.71,481869,21649.9424,661,0:02:41,7928788,5.04
Amir & Shaheen Charges vs Kiwis in PP | Pakistan vs New Zealand | 2nd T20I 2024 | PCB | M2E2A,20-Apr-24,3195,0,9,101,472,98.38,38,2307,19,329,61.77,314377,6418.5776,310,0:01:13,2362399,11.79
Highlights | South Africa vs Pakistan | T20I | CSA | MJ2L,1-Jul-23,3176,0,3,185,1116,96.22,314,7994,96,1685,32.48,848588,84216.6362,1589,0:05:57,12306901,5.15
PSL 9 | Top Yorkers in HBL PSL 9 so Far! | M1Z2A,3-Mar-24,3106,0,55,11,858,97.45,13,497,9,50,58.76,48236,897.4671,41,0:01:06,445264,6.55
Historic Super Over | Lahore Qalandars vs Karachi Kings | HBL PSL 2018 | MB2A,25-May-23,3102,3,7,369,3465,95.77,759,17172,226,4710,37.95,3091757,158399.7506,4484,0:03:04,53574531,5.02
üé• Glimpses From the Pakistan Team Dinner in Hyderabad | PCB | MA2A,1-Oct-23,3093,0,100,266,627,98.19,75,4077,30,519,53.79,319191,6057.0656,489,0:01:08,2548198,11.12
Highlights | Pakistan vs Australia | ODI | PCB | MM2A,29-May-23,3061,0,38,66,3780,95.75,285,6415,75,1802,28.14,869092,64064.2892,1727,0:04:25,10944052,6.29
What a Battle! | Haris Takes on Shaheen | Lahore vs Peshawar | Match 33 | HBL PSL 8 | MI2A,18-Mar-23,3030,0,5,19,2526,98.85,14,1205,4,100,63.22,107661,2231.0676,96,0:01:14,1050694,8.2
Low Scoring Thrilling Match | Superb Effort By Pakistan Against Australia | T20I | PCB | MM2A,11-Jul-23,2934,1,3,72,616,95.72,218,4872,55,864,33.53,660508,61027.4376,809,0:05:32,7915866,5.81
Pakistan Chase The Target of 2Ô∏è‚É£9Ô∏è‚É£8Ô∏è‚É£ Runs at Karachi | Pakistan vs Sri Lanka | ODI | PCB | M1D2A,9-Oct-23,2918,1,3,61,1395,96.19,215,5424,50,1084,27.28,864691,74959.6457,1034,0:05:12,11090341,6.07
PSL 9 | Rivalry of PSL | Babar Azam vs Mohammad Amir | Peshawar Zalmi vs Quetta Gladiators | M2A1A,8-Mar-24,2890,0,29,289,625,97.25,92,3250,37,400,51.72,502299,14144.9251,363,0:01:41,5212169,8.47
Babar Azam 122 Against South Africa | Unbelievable Innings | Pakistan vs South Africa | CSA | MJ2L,6-Dec-22,2845,0,,210,5839,98.16,148,7903,68,1129,34.82,600709,52588.2302,1061,0:05:15,10608195,3.99
PSL 9 | 1st Innings Highlights | Multan Sultans vs Islamabad United | Match 34 Final | M2A1A,18-Mar-24,2830,0,6250,58,681,97.46,80,3064,29,337,59.09,291282,24240.9682,308,0:04:59,1644809,15.5
1st Innings Highlights | Pakistan vs New Zealand | 5th T20I 2024 | PCB | M2E2A,27-Apr-24,2805,0,2,176,1165,96.86,191,5883,52,881,50.63,624568,44625.5127,829,0:04:17,5269664,9.97
AB de Villiers Playing 360¬∞ Shots | Mr. 360¬∞ in HBL PSL | MB2L,10-Feb-23,2792,0,,112,3754,98.56,115,7873,69,1101,44.41,624306,25567.8211,1032,0:02:27,8536417,6.08
PSL 9 | 1st Innings Highlights | Peshawar Zalmi vs Multan Sultans | Match 21 | M2A1A,5-Mar-24,2787,0,125,116,1124,98.63,73,5251,46,664,57.4,404542,32765.4394,618,0:04:51,2663406,13.64
Saim Ayub At His Very Best | Lahore Qalandars vs Peshawar Zalmi | Match 15 | HBL PSL 8 | MI2A,27-Feb-23,2755,0,,42,1884,98.77,42,3376,20,440,61.47,423298,8529.2571,420,0:01:12,4586967,7.9
2nd Innings Highlights | Peshawar Zalmi vs Islamabad United | Match 13 | HBL PSL 9 | M2A1A,26-Feb-24,2747,0,100,114,1403,97.98,103,4993,51,762,53.62,454047,34287.8382,711,0:04:31,4059919,9.83
Full Highlights | Pakistan vs England | 1st T20I 2022 | PCB | MA2L,21-Sep-22,2735,0,1,41,1602,94.62,238,4183,30,1110,41.99,677542,76576.8261,1080,0:06:46,9562556,5.08
Blistering Knock By Saim Ayub | Peshawar Zalmi vs Quetta Gladiators | Match 25 | HBL PSL 8 | MI2A,9-Mar-23,2701,0,1,18,1311,99.21,10,1249,6,127,62.3,137973,2793.776,121,0:01:12,1182802,9.47
1st Innings Highlights | Lahore Qalandars vs Multan Sultans | Match 14 | HBL PSL 9 | M2A1A,27-Feb-24,2694,0,121,44,702,98.04,65,3243,58,463,56.05,298436,23927.821,405,0:04:48,2271158,11.87
1st Innings Highlights | Lahore Qalandars vs Quetta Gladiators | Match 4 | HBL PSL 9 | M2A1A,19-Feb-24,2691,0,167,61,892,97.62,67,2753,57,721,50.11,266439,18137.1024,664,0:04:05,2702220,8.91
Shaheen and Amir Star in Powerplay | Gulf Giants vs Desert Vipers | Match 7 | DP World ILT20,24-Jan-24,2624,0,4,62,1418,99.05,29,3037,21,474,70.39,224849,2593.9412,453,0:00:41,1255811,13.44
PSL 9 | Shan Masood vs Shadab Khan üò°ü§¨ | Islamabad United vs Karachi Kings | Match 24 | M1Z2A,7-Mar-24,2610,0,476,123,828,98.53,36,2418,22,220,67.89,253027,5534.8555,198,0:01:18,2501430,8.71
Heavy Fight | Kieron Pollard vs Shaheen Afridi | Lahore vs Multan | Match 31 | HBL PSL 8 | MI2A,15-Mar-23,2577,0,13,71,2064,97.78,37,1633,22,257,59.59,353937,6912.6238,235,0:01:10,3667067,8.48
Match Winning Knock By Fakhar Zaman | Pakistan vs New Zealand | 2nd ODI 2023 | PCB | M2B2A,29-Apr-23,2567,0,2,31,4839,98.13,43,2254,12,442,51.81,275148,5543.6197,430,0:01:12,2159726,11.46
PSL 9 | 2nd Innings Highlights | Islamabad United vs Multan Sultans | Match 27 | M2A1A,10-Mar-24,2492,0,1220,117,942,98.48,65,4207,41,401,56.33,274163,22394.4768,360,0:04:54,2207900,10.71
Shadab Khan vs M Haris | Mr. Google is on Fire | Islamabad vs Peshawar | Match 29 | HBL PSL 8 | MI2A,12-Mar-23,2483,0,4,9,869,98.83,11,930,4,89,61.88,79100,1427.636,85,0:01:04,731113,8.9
3Ô∏è‚É£rd. T20I Century üíØ By King Babar Azam Against Kiwis 2023 | Pakistan vs New Zealand | PCB | M2B2A,6-Jun-23,2476,0,2,149,17883,98.68,75,5613,33,1271,38.68,336916,8940.6455,1238,0:01:35,3028983,9.82
Abrar Ahmed Should Be Selected For World Cup 2023 | Rewinding His 11 Wicket Haul on Debut | MY2A,18-Sep-23,2474,1,99,254,396,98.82,39,3255,38,284,30.42,302457,11603.4625,246,0:02:18,2582743,8.48
Babar Azam & Co. Creates History | South Africa vs Pakistan | 3rd ODI 2021 | CSA | MJ2A,1-Jan-24,2474,0,3,51,534,96.78,106,3184,32,373,30.93,353857,29607.7976,341,0:05:01,6389992,4.43
2nd Innings Highlights | Lahore Qalandars vs Islamabad United | Match 1 | HBL PSL 9 | M2A1A,17-Feb-24,2462,0,361,94,891,97.4,72,2698,53,1089,40.01,316060,17670.1069,1036,0:03:21,3216622,8.79
1st Innings Highlights | Lahore Qalandars vs Karachi Kings | Match 10 | HBL PSL 9 | M2A1A,24-Feb-24,2461,0,132,72,678,98.05,55,2760,39,496,48.94,274353,19470.8069,457,0:04:15,2528676,9.74
Stunning Last-Over Win | Highlights | Pakistan vs England | T20I | PCB | MU1T,12-Nov-22,2459,0,18,11,1059,96.84,101,3091,34,458,28.22,329199,27637.8884,424,0:05:02,3712304,7.11
1st Innings Highlights | Lahore Qalandars vs Islamabad United | Match 1 | HBL PSL 9 | M2A1A,17-Feb-24,2449,0,451,62,1186,97.72,88,3773,70,1655,46.24,292961,18700.7586,1585,0:03:49,2638229,10.05
Haris Sohail & Boom Boom Shahid Afridi's Match Winning Knock Against New Zealand at Dubai | M2C2A,15-Jan-24,2444,0,12,38,762,95.37,184,3791,39,1229,32.33,927669,43149.8565,1190,0:02:47,27081331,3.01
Full Highlights | Multan Sultans vs Peshawar Zalmi | Final Match 34 | HBL PSL 6 | MB2T,9-Feb-22,2377,0,5,49,1181,97.25,179,6327,87,1331,28.35,504146,50902.0901,1244,0:06:03,9380189,4.27
Highest Chase in HBL PSL History | Jason Roy The Real Hero | The Real Game Changer | PSL | MI2A,8-Jun-23,2367,0,974,108,1334,98.2,112,6109,65,860,33.34,1052711,50403.6739,795,0:02:52,14982206,6.55
1st Innings Highlights | Multan Sultans vs Peshawar Zalmi | Match 9 | HBL PSL 9 | M2A1A,23-Feb-24,2312,0,222,79,1051,98.6,60,4233,54,766,51.24,405276,29074.9587,712,0:04:18,3445223,10.53
PSL 9 | 1st Innings Highlights | Islamabad United vs Lahore Qalandars | Match 23 | M2A1A,6-Mar-24,2301,0,222,22,345,98.54,25,1691,12,178,57.06,165328,12971.1112,166,0:04:42,1113884,13.07
2nd Innings Highlights | Multan Sultans vs Lahore Qalandars | Match 7 | HBL PSL 9 | M2A1A,21-Feb-24,2264,0,211,94,915,98.3,47,2715,30,496,52.66,238343,17291.3022,466,0:04:21,2413063,8.5
PSL 9 | Big Ones of PSL History | Babar Azam vs Mohammad Amir | M1Z2A,1-Mar-24,2258,0,799,60,843,97.84,56,2536,18,223,62.2,272743,5419.1302,205,0:01:11,2413914,9.95
PSL 9 | Iftikhar Ahmed vs Jason Roy Heavy Fight | Quetta Gladiators vs Multan Sultans | M1Z2A,12-Mar-24,2252,0,806,309,1291,97.04,62,2034,24,262,53.21,386022,6162.1808,238,0:00:57,1720108,10.88
Thrilling Last Over | High Voltage Match | Pakistan vs South Africa | T20I | PCB | ME2A,25-Jul-23,2246,0,,45,538,95.85,121,2797,47,476,28.33,460320,27241.7241,429,0:03:33,5097668,8.22
Highlights | Pakistan vs New Zealand | T20I | PCB | M2B2A,16-Aug-23,2244,0,1,137,1278,96.09,274,6731,80,1790,31.34,932337,86762.045,1710,0:05:35,13237163,6.17
W - W | 2 Wickets in 2 Balls | Naseem Shah is on Fire | Pakistan vs New Zealand | 1st ODI | MZ2L,9-Jan-23,2216,0,,12,5576,98.15,28,1487,9,317,47.32,161912,2447.4664,308,0:00:54,1707696,8.27
PSL 9 | 2nd Innings Highlights | Peshawar Zalmi vs Islamabad United | Match 33 | M2A1A,16-Mar-24,2205,0,2811,128,802,98,65,3185,19,309,62.77,245111,20643.6338,290,0:05:03,1551877,13.34
Last Over Victory | Shaheen Afridi vs Trent Boult | Desert Vipers vs MI Emirates | DP World ILT20,30-Jan-24,2191,0,5,40,1427,99.02,22,2212,13,244,79.52,189528,2511.7289,231,0:00:47,1709677,9.38
Pakistan Hits Highest Ever ODI Score At Home | Pakistan vs Zimbabwe | 1st ODI 2015 | PCB | M3C2A,29-Jul-23,2185,0,43,10,240,96.86,52,1605,14,275,44.38,219213,13997.2802,261,0:03:49,2674161,6.97
Fastest Century üíØ in HBL PSL History By Usman Khan vs Quetta Gladiators | HBL PSL 2023 | MI2A,27-Jan-24,2140,1,,209,897,97.96,76,3655,31,380,37.43,419817,14664.9169,349,0:02:05,5528119,6.7
Naseem Shah Fantastic Bowling vs New Zealand | PCB | M2B2A,27-Apr-23,2117,0,,42,3740,99.03,24,2447,17,308,65.4,267916,2969.0057,291,0:00:39,2751877,8.64
Pakistan at 8Ô∏è‚É£8Ô∏è‚É£-5Ô∏è‚É£ | Babar Azam Played Like Alone Fighter | Pakistan vs Zimbabwe | PCB | MD2A,5-Aug-23,2080,0,99,121,456,97.27,90,3209,26,373,34.24,378164,24278.8581,347,0:03:51,4141096,7.72
"PSL 9 | Another Twist, Another Drama | Multan Sultans vs Islamabad United | Match 34 Final | M1Z2A",18-Mar-24,2080,0,29,7,98,98.8,5,411,4,51,59.17,49995,977.8459,47,0:01:10,344209,11.49
PSL 9 | Iftikhar Ahmed's Supremacy | Peshawar Zalmi vs Multan Sultans | Match 21 | M1Z2A,5-Mar-24,2062,0,45,16,552,98.05,12,602,1,98,70.11,74283,1490.0464,97,0:01:12,590539,10.05
Pakistan vs Sri Lanka | 2nd ODI Full Match Highlights | PCB | MA2E,20-May-21,2034,0,1,6,275,94.29,44,727,3,176,33.76,140259,15233.1497,173,0:06:30,1324968,8.29
What A Game | Pakistan Vs New Zealand | Highlights | PCB|M8C2,16-Jun-20,1995,0,8,14,905,96.24,58,1484,19,347,28.23,249377,23054.4651,328,0:05:32,2477082,7.85
Magical Bowling On Debut By Abrar Ahmed | Pakistan vs England | 2nd Test Day 1 | PCB | MY2L,9-Dec-22,1976,0,1,65,1027,98.44,19,1197,9,134,64.41,119118,2472.3423,125,0:01:14,854847,12.55
PSL 9 | 2nd Innings Highlights | Quetta Gladiators vs Lahore Qalandars | Match 28 | M2A1A,10-Mar-24,1967,0,1668,73,342,98.53,27,1816,17,151,55.79,145381,11534.7437,134,0:04:45,1197826,10.65
Babar Azam 122 Runs vs South Africa | Highlights | Pakistan vs South Africa | CSA | MJ2L,14-Apr-22,1961,0,5,45,3070,97.08,53,1760,18,382,31.16,248993,12239.4668,364,0:02:56,3343810,5.62
Historic Moments | Memorable Victory By Shaheens | Pakistan vs Australia | ODI | PCB | MM2A,17-Apr-24,1959,0,2,81,459,97.11,138,4642,48,724,22.67,614401,36488.6868,676,0:03:33,7770519,6.84
Highlights | Pakistan vs Australia | 1st Test Day 2 | PCB | MM2A,6-Dec-23,1930,0,30,59,580,96.87,110,3401,54,1061,28.67,468902,20128.8668,1007,0:02:34,2961882,14.07
West Indies All Out on 60 Runs | Pakistan vs West Indies | 1st T20I Highlights | PCB | MA2L,31-May-22,1890,0,2,14,309,94.75,90,1625,31,405,35.52,280559,31754.2548,374,0:06:47,3260091,6.21
PSL 9 | Top Bowled in HBL PSL 9 so Far! | M1Z2A,3-Mar-24,1876,0,15,8,430,98.48,5,323,5,34,63.12,28159,587.4849,29,0:01:15,327514,6.52
Heavy Combat | Pakistan vs West Indies | 3rd T20I Highlights | MA2E,11-Mar-21,1875,0,17,83,4469,95.94,328,7759,80,1942,27.83,1162551,101924.2115,1862,0:05:15,17156124,5.35
Give Respect Take Respect | Shahid Afridi vs Misbah | Shaheen & Haris vs Afridi | MB2E,1-Dec-21,1869,0,1,14,347,99.32,4,580,8,114,53.95,146607,2482.4667,106,0:01:00,1333084,9.95
Highlights | Pakistan vs New Zealand | 3rd T20I 2024 | PCB | M2E2A,5-May-24,1863,0,1,85,696,95.4,270,5603,63,2238,29.62,913347,75972.3682,2175,0:04:59,12881200,6.38
"High Scoring & High Voltage Thrilling Match | Pakistan vs Sri Lanka | 2nd T20I, 2013 | PCB | M9B2A",28-Jan-24,1847,0,2,88,831,93.9,298,4591,45,1623,35.69,517537,66239.1475,1578,0:07:40,14455558,2.79
Highlights | Pakistan vs Sri Lanka | ODI | PCB | MA2L,10-Apr-22,1832,0,2,39,1690,93,235,3124,48,1102,23.01,564701,41514.31,1054,0:04:24,5408936,8.14
All Unplayable Yorkers in HBL PSL 8 | HBL PSL 8 | MI2A,23-Mar-23,1822,0,92,17,754,97.94,23,1094,17,156,37.19,128634,6737.8734,139,0:03:08,1334926,6.99
Fakhar Zaman Hits Historical 193 Against South Africa | Pakistan vs South Africa | ODI | CSA | MJ2L,23-Nov-22,1817,0,,128,2567,98.33,58,3408,20,428,40.7,281054,20716.9852,408,0:04:25,3890080,5.8
When Bowlers Bat: Naseem Shah & Abrar Ahmed's Last-Wicket Saga Against New Zealand | PCB | MZ2A,21-Nov-23,1811,1,,32,138,97.91,48,2248,29,349,32.63,452075,19913.8508,320,0:02:38,6613604,5.64
Highlights | Pakistan vs England | T20I | PCB | MU2L,27-Nov-22,1803,0,,14,309,96.42,62,1670,12,216,38.68,145977,16376.5084,204,0:06:43,1705182,6.31
PSL 9 | 1st Innings Highlights | Quetta Gladiators vs Multan Sultans | Match 30 | M2A1A,12-Mar-24,1801,0,1521,54,379,98.34,43,2550,25,261,54.54,210159,16811.7181,236,0:04:47,1634600,11.51
Heavy Fighting Match | Pakistan Vs New Zealand | 1st T20I | Highlights | PCB|M8C2,14-Jan-20,1786,0,3,13,635,93.15,113,1536,22,441,40.56,237644,31858.4396,419,0:08:02,2372607,6.67
PSL 9 | 1st Innings Highlights | Islamabad United vs Quetta Gladiators | Match 32 | M2A1A,15-Mar-24,1783,0,1689,55,353,98.54,25,1686,21,140,60.73,154357,13409.9692,119,0:05:12,898009,14.61
1st Innings Highlights | Multan Sultans vs Quetta Gladiators | Match 11 | HBL PSL 9 | M2A1A,25-Feb-24,1773,0,96,49,591,98.3,38,2199,27,247,51.42,180307,13212.15,220,0:04:23,1770449,8.83
PSL 9 | Short Highlights | Multan Sultans vs Islamabad United | Match 34 Final | M2A1A,18-Mar-24,1769,0,3462,28,518,97.18,32,1104,13,113,47.32,102038,7860.2244,100,0:04:37,925096,9.34
Saim Ayub All Scoop Shots in HBL PSL 8 | HBL PSL 8 | MI2A,1-Mar-23,1763,0,,52,6801,98.46,47,2999,22,455,57.02,289480,6739.0868,433,0:01:23,2374822,10.6
PSL 9 | üìΩÔ∏è Watch Babar Azam Destroying Hunain Shah | M1Z2A,2-Mar-24,1762,0,436,49,654,98.86,23,2002,22,126,59.82,180563,3030.3833,104,0:01:00,1583560,8.42
PSL 9 | Catch of The Day | Asif Ali You Beauty ‚ù§Ô∏è | Peshawar Zalmi vs Multan Sultans | M1Z2A,5-Mar-24,1749,0,1009,36,1102,98.16,54,2875,28,331,45.85,352038,4708.1517,303,0:00:48,1246974,10.8
Big Opportunity | Pakistan vs Sri Lanka | PCB|M1D2,27-Jun-20,1742,0,,24,1230,95.48,135,2852,29,611,23.8,297362,24124.354,582,0:04:52,3402607,6.79
PSL 9 | 1st Innings Powerplay | Peshawar Zalmi vs Quetta Gladiators | Match 25 | M2A1A,8-Mar-24,1741,0,2,21,151,98.76,12,959,7,74,64.67,71533,2492.8169,67,0:02:05,447984,13.61
1st Innings Powerplay | Multan Sultans vs Peshawar Zalmi | Match 9 | HBL PSL 9 | M2A1A,23-Feb-24,1740,0,3,21,153,98.45,18,1142,8,119,53.77,100551,4265.2243,111,0:02:32,895960,10.16
Drama in Last 4 Overs | High Scoring Thrilling Match | Pakistan vs England | T20I | PCB | M4C2A,9-Nov-23,1738,1,22,45,879,94.48,240,4110,34,814,38.68,509249,54066.2894,780,0:06:22,8804365,4.42
Century to Remember | üëë Babar Azam's 1st HBL PSL Century üíØ | HBL PSL 2023 | MI2A,2-Feb-24,1735,0,,84,870,99.1,26,2864,39,212,41.35,154803,6027.5454,173,0:02:20,2412784,5.36
Face to Face | Babar Azam vs Mohammad Amir | Quetta Gladiators vs Peshawar Zalmi | HBL PSL 9 | M2A1A,18-Feb-24,1686,0,222,130,478,98.3,44,2550,25,330,54.97,237179,5975.2549,305,0:01:30,2362641,8.89
Highlights | Pakistan vs Australia | 2nd Test Day 2 | PCB | MM2A,11-Dec-23,1678,0,9,20,238,97.43,48,1822,17,438,29.92,295544,14101.3828,421,0:02:51,1738684,15.56
Pakistan vs Australia | 3rd T20I Highlights | PCB | MA2E,13-May-21,1674,0,4,17,520,92.98,117,1549,21,840,22.02,547639,39728.0256,819,0:04:21,8900924,5.52
1st Innings Highlights | Pakistan vs New Zealand | 4th T20I 2024 | PCB | M2E2A,25-Apr-24,1662,0,4,162,620,97.1,110,3689,35,613,42.3,443568,26683.8684,578,0:03:36,4011326,9.05
Highlights | South Africa vs Pakistan | ODI | CSA | MJ2A,26-Oct-23,1661,0,5,72,1800,91.29,260,2725,64,1136,19.61,613378,32545.6051,1072,0:03:11,4880153,10.73
Unforgettable Win By Pakistan | Pakistan vs New Zealand | 2nd T20I Highlights | MA2E,21-Mar-21,1653,0,1,3,231,96.28,39,1009,7,156,43.21,162274,22104.3626,149,0:08:10,1607179,6.13
Babar Azam Having Fun Time With Shaheen Afridi & Other Teammates ‚≠êü•ò | Pakistan Team Out in Dunedin üé•,16-Jan-24,1646,0,6,347,599,98.64,45,3271,28,393,57.75,154494,2354.2445,365,0:00:54,1329310,9.82
Low Scoring & High Voltage Thrilling Match | Pakistan vs Australia | T20I | PCB | MM2A,29-Sep-23,1645,0,4,71,732,94.51,170,2924,47,687,26.57,696353,50981.3494,640,0:04:23,6809005,8.41
PSL 9 | Full Highlights | Multan Sultans vs Islamabad United | Match 34 Final | M2A1A,18-Mar-24,1626,0,5528,871,11401,96.58,1106,31274,248,4239,39.21,1742823,332527.2028,3991,0:11:26,15580866,9.28
W - W - W - W | Shaheens are Back in Game | Pakistan vs New Zealand | 5th T20I 2024 | PCB | M2E2A,27-Apr-24,1620,0,,4,80,97.57,12,481,6,41,75.63,51075,547.2098,35,0:00:38,293672,10.55
High Voltage T20I Thriller Match at Lahore | Pakistan vs New Zealand | 1st T20I 2023 | PCB | M2B2A,8-Jan-24,1615,0,1,112,1712,96.8,204,6173,105,1682,28,768818,63855.0936,1577,0:04:59,8878481,7.41
Highlights | Pakistan vs South Africa | T20I | PCB | ME2A,25-Sep-23,1600,0,3,131,1277,94.44,533,9045,167,2381,33.53,1225101,128383.5696,2214,0:06:17,12550007,8.56
Highlights | Pakistan vs Australia | 2nd Test Day 3 | PCB | MM2A,12-Dec-23,1594,0,10,56,541,96.97,121,3872,78,1199,23.87,720585,40417.5451,1121,0:03:21,4702456,13.06
Highlights | Pakistan vs New Zealand | 3rd ODI 2014 | PCB | MA2A,23-Mar-23,1587,0,3,12,1066,96.74,100,2968,19,452,38.39,319481,35127.2443,433,0:06:35,4860375,5.12
Pakistan Whitewash Australia | Pakistan Vs Australia | 3rd T20I Highlights | MA2E,14-Mar-21,1576,0,1,4,242,97.08,17,566,12,130,35.44,112771,12942.8513,118,0:06:53,1176830,7.19
1st Innings Highlights | Pakistan vs New Zealand | 3rd T20I 2024 | PCB | M2E2A,21-Apr-24,1556,0,6,232,925,97.17,147,5044,45,924,45.08,530957,33843.327,879,0:03:49,5533111,8.03
PSL 9 | Heavy Drama & Fight | Shoaib Malik vs Iftikhar Ahmed | M1Z2A,1-Mar-24,1546,0,317,60,176,81.51,247,1089,24,106,66.15,147465,2709.6622,82,0:01:06,1429636,8.72
Ending Ceremony | Peshawar Zalmi vs Islamabad United | Match 13 | HBL PSL 9 | M1Z2A,26-Feb-24,1529,0,136,127,298,99.43,29,5054,31,568,39.54,136710,6816.7275,537,0:02:59,1484540,7.72
Rare Video ü§© in HBL PSL | Saim Ayub Bowling Against Lahore Qalandars | HBL PSL 2023 | MI2A,28-Dec-23,1525,0,,35,592,99.26,24,3219,37,398,42.28,301960,6418.4372,361,0:01:16,2929400,8.25
Highlights | Pakistan vs Sri Lanka | T20I | PCB | MA2A,14-May-23,1517,0,22,38,2249,96.57,204,5738,58,1199,33.27,551806,50794.0827,1141,0:05:31,14405005,3.09
The King Of Swing At His Best | Top 30 Wickets of Shaheen Shah Afridi | PCB | MA2L,1-Jul-22,1514,3,,36,6872,98.41,40,2472,22,371,35.19,249654,8296.4462,349,0:01:59,2492117,8.04
PSL 9 | 1st Innings Highlights | Islamabad United vs Peshawar Zalmi | Match 20 | M2A1A,4-Mar-24,1504,0,137,43,534,97.97,54,2609,36,306,53.07,215274,15963.4807,270,0:04:26,1462111,12.97
1st Innings Highlights | Karachi Kings vs Islamabad United | Match 15 | HBL PSL 9 | M2A1A,28-Feb-24,1501,0,97,54,397,97.8,39,1737,25,223,55.57,190256,14800.9518,198,0:04:40,1674930,10.14
PSL 9 | Dramatic Scenes | Epic Last 2 Overs | Quetta Gladiators vs Lahore Qalandars | M1Z2A,10-Mar-24,1499,0,148,38,484,98.12,24,1250,16,108,71.42,114967,2212.4037,92,0:01:09,920128,10.16
Highlights | Pakistan vs New Zealand | T20I | PCB | M2B2A,20-Aug-23,1495,0,5,443,1985,96.6,364,10344,112,2207,31.07,1085994,105737.6129,2095,0:05:50,14916843,6.2
Iftikhar Ahmed is on Fireüî•| Pakistan vs New Zealand | 3rd T20I 2023 | PCB | M2B2A,17-Apr-23,1483,0,1,2,234,94.44,4,68,1,158,50.78,24631,399.5119,157,0:00:58,151651,6.11
Pakistan Need 2 Runs in 6 Ball | Most Shocking & Thrilling Last Over | PAK vs Australia | PCB|M1C2,27-Mar-23,1466,2,1,1171,4799,98,205,10049,86,1193,42.84,1367056,50752.8684,1107,0:02:13,20427509,5.6
Azam Khan on Beast Mode | Peshawar Zalmi vs Islamabad United | Match 13 | HBL PSL 9 | M2A1A,26-Feb-24,1463,0,29,49,381,97.14,28,952,12,134,48.02,203837,5247.8331,122,0:01:32,1797854,10.24
Mohammad Amir's Magical 1st Over Against Lahore Qalandars | HBL PSL 2021 | MB2A,24-Jun-23,1458,0,,77,5152,99.01,59,5888,42,499,51.61,351035,12077.9551,457,0:02:03,3269493,9.09
PSL 9 | 1st Innings Highlights | Peshawar Zalmi vs Islamabad United | Match 33 | M2A1A,16-Mar-24,1441,0,2998,73,654,97.62,82,3358,20,373,56.57,280049,22400.8838,353,0:04:47,1635685,15.08
Drama & Thriller in 2 Overs | Multan Sultans vs Peshawar Zalmi | Match 9 | HBL PSL 9 | M2A1A,23-Feb-24,1440,0,,8,194,98.11,10,518,8,50,59.26,52822,1756.3045,42,0:01:59,532015,8.29
Highlights | Pakistan vs West Indies | T20I | PCB | MK2A,22-Sep-23,1435,0,5,329,1135,95.39,348,7195,131,2092,30.41,1572561,140677.677,1961,0:05:22,17858586,7.69
4 wickets in 1 Over | Arif Yaqoob The Hero | Peshawar Zalmi vs Islamabad United | HBL PSL 9 | M2A1A,26-Feb-24,1434,0,17,38,690,98.57,18,1237,7,113,66.22,94453,2762.3522,106,0:01:45,820159,9.14
Target 279 Runs | Pakistan at 88-5 Runs | Babar Azam Played Like Alone Fighter | ODI | MD2A,22-May-24,1433,1,4,274,435,96.65,111,3206,32,349,27.95,393022,20595.0234,317,0:03:08,5130780,6.72
PSL 9 | 2nd Innings Highlights | Karachi Kings vs Peshawar Zalmi | Match 29 | M2A1A,11-Mar-24,1431,0,1501,72,604,98.52,51,3396,26,334,56.06,258543,20331.575,308,0:04:43,1921091,11.73
Pakistan vs West Indies Highlights | Fakhar Zaman | Sarfaraz Ahmed | 1st T20 | PCB|M9C2,10-Aug-20,1419,0,13,6,212,98.56,4,273,2,133,33.6,69271,7544.4477,131,0:06:32,981700,5.24
Outstanding Batting By Saim Ayub | Pakistan vs New Zealand | 1st T20I 2023 | PCB | M2B2A,15-Apr-23,1416,0,1,33,2034,98.95,25,2346,16,297,59.73,235038,4328.4198,281,0:01:06,1895930,11.09
Mega T20I Thriller | Mohammad Rizwan's Superb T20I Century | Pakistan vs South Africa | PCB | ME2A,23-Nov-23,1416,1,,27,588,95.54,124,2654,34,576,32.14,442789,44476.7327,542,0:06:01,6445498,5.31
Highlights | South Africa vs Pakistan | ODI | CSA | MJ2A,12-Jun-23,1407,0,3,19,686,95.25,61,1222,8,336,28.65,198922,17221.9883,328,0:05:11,2768149,5.27
Highlights | South Africa vs Pakistan | ODI | CSA | MJ2A,13-Jun-23,1397,0,5,39,2031,96.08,124,3040,40,876,26.23,444977,31576.538,836,0:04:15,5035032,7.22
PSL 9 | Ending Ceremony | Peshawar Zalmi vs Quetta Gladiators | Match 25 | M1Z2A,8-Mar-24,1394,0,9,40,107,99.41,16,2708,7,238,44.4,62236,3837.5193,231,0:03:41,609710,7.85
Pakistan vs South Africa | Full Match Highlights | 1st Test 2021 | PCB | ME2E,31-Jan-21,1394,0,,11,283,97.81,32,1426,11,197,32.42,97792,9695.3731,186,0:05:56,1414891,5.35
PSL 9 | 1st Innings Powerplay | Karachi Kings vs Peshawar Zalmi | Match 29 | M2A1A,11-Mar-24,1393,0,,13,55,98.85,7,600,6,50,61.63,60784,1966.7003,44,0:01:56,368480,13.98
PSL 9 | Shaheen Shah Afridi vs Naseem Shah | Islamabad United vs Lahore Qalandars | Match 23 | M1Z2A,6-Mar-24,1392,0,62,15,1321,98.61,16,1131,8,91,60.78,80899,1598.0774,83,0:01:11,820361,8.06
Highlights | Pakistan vs Sri Lanka | T20I | PCB | MA2A,29-Jul-23,1390,0,29,55,1144,96.82,114,3474,36,557,33.97,374029,38256.4763,521,0:06:08,5199118,5.49
1st Innings Highlights | Lahore Qalandars vs Peshawar Zalmi | Match 12 | HBL PSL 9 | M2A1A,25-Feb-24,1390,0,190,78,1149,97.8,93,4133,47,679,53.96,359697,27494.398,632,0:04:35,3301925,9.76
Shaheen Afridi's Magic | Need 24 Runs in Last Over | Lahore vs Peshawar | HBL PSL 2022 | ML2A,10-Feb-24,1367,0,,34,399,96.68,39,1137,16,241,44.57,310261,8451.4781,225,0:01:38,3622474,7.46
2nd Innings Powerplay | Multan Sultans vs Peshawar Zalmi | Match 9 | HBL PSL 9 | M2A1A,23-Feb-24,1362,0,8,10,134,98.4,13,797,21,128,53.77,83587,3158.379,107,0:02:16,537501,12.79
1st Innings Powerplay | Peshawar Zalmi vs Islamabad United | Match 13 | HBL PSL 9 | M2A1A,26-Feb-24,1356,0,3,19,154,99.61,3,764,12,97,54.39,72956,2436.0622,85,0:02:00,610595,10.83
Huge Clash at Lahore | Raining Boundaries & Fall of Wickets | Pakistan vs New Zealand | T20I | M2B2A,26-Mar-24,1346,1,159,196,3537,95.8,734,16736,137,5265,27.69,1753687,154976.058,5128,0:05:18,21992758,6.23
PSL 9 | Shaheen Shah Afridi vs Mohammad Amir | Pace vs Pace | M1Z2A,2-Mar-24,1344,0,273,39,255,98.46,19,1214,14,80,63.27,126508,2401.4169,66,0:01:08,1336271,8.08
PSL 9 | Saim Magic Works | Quetta's Game Over Now | Peshawar Zalmi vs Quetta Gladiators | M1Z2A,8-Mar-24,1329,0,235,16,266,99.32,8,1160,5,117,44.63,119197,3014.8308,112,0:01:31,769438,10.37
Rare Video ü§© | Babar Azam Bowling Against The Aussies | Pakistan vs Australia | Test | PCB | MM2A,29-May-23,1328,0,,25,1505,98.95,22,2081,22,235,43.37,134497,4278.0035,213,0:01:54,1230151,9.21
Super Fighting Match | Lahore Qalandars vs Peshawar Zalmi | PSL 5 | Sports Central|MB2,2-Apr-20,1326,0,,2,126,97.07,18,596,7,139,31.81,62964,8328.3689,132,0:07:56,1387558,3.34
Highlights | South Africa vs Pakistan | T20I | CSA | MJ2A,30-Jun-23,1324,1,2,83,500,95.98,187,4461,55,815,35.25,465703,45462.9729,760,0:05:51,6307048,5.7
Pakistan Captain Babar Azam Speech | PCB | MA2L,15-Sep-23,1323,0,171,269,452,94.63,129,2272,58,628,59.16,154829,1755.4802,570,0:00:40,1059142,23.41
Peshawar Puts Highest Total of This Tournament | Peshawar vs Larkana | National T20 2023-24 | M1W1A,27-Nov-23,1315,0,1,89,1152,97.87,76,3500,46,1075,33.2,517643,24203.7201,1029,0:02:48,5998173,7.56
6Ô∏è‚É£6Ô∏è‚É£6Ô∏è‚É£Mohammad Haris vs Sheldon Cottrell | Peshawar vs Multan | Match 27 | HBL PSL 8 | MI2A,10-Mar-23,1311,0,,10,1599,98.64,7,508,1,66,58.13,54945,975.8773,65,0:01:03,518549,8.59
Fakhar Zaman in focus: the opening batter gets going in the nets | PCB | MA2R,26-Oct-23,1311,0,10,58,148,99.3,6,848,5,44,67.95,35056,430.0745,39,0:00:44,250099,12.29
PSL 9 | 2nd Innings Highlights | Karachi Kings vs Lahore Qalandars | Match 26 | M2A1A,9-Mar-24,1306,0,1757,67,360,98.37,33,1992,14,189,59.78,160200,13806.4112,175,0:05:10,1317870,10.56
Comprehensive Victory By Pakistan | Famous Win | Kiwis All Out Under 100 Runs | T20I | PCB | M2B2A,21-Jan-24,1299,0,383,14,221,96.73,56,1659,21,256,29.97,170228,15234.3835,235,0:05:22,1993800,6.86
PSL 9 | 2nd Innings Highlights | Peshawar Zalmi vs Quetta Gladiators | Match 25 | M2A1A,8-Mar-24,1292,0,1299,54,537,98.57,40,2755,11,235,59.43,199074,16301.3562,224,0:04:54,1403718,12.14
Dream Debut in PSL | Haris Rauf in on Fire | Lahore Qalandars vs Karachi Kings | HBL PSL 2019 | MB2A,22-Jul-23,1289,0,,31,323,99.15,10,1169,16,68,58.88,61332,1956.2384,52,0:01:54,599536,8.54
üî¥ RELIVE - üëë Babar Azam's üêê 1st Ever HBL PSL Century üíØ vs Quetta Gladiators üî• | HBL PSL | MI2A,16-Jan-24,1286,0,,113,1114,99.08,30,3244,25,286,41.12,172240,6886.1986,261,0:02:23,2591374,5.42
Highlights | Pakistan vs Sri Lanka | T20 | PCB | M6C2L,4-Aug-23,1284,2,2,61,712,95.61,116,2525,33,536,26.71,429577,31075.4879,503,0:04:20,4878930,7.65
PSL 9 | 2nd Innings Highlights | Peshawar Zalmi vs Multan Sultans | Match 21 | M2A1A,5-Mar-24,1283,0,96,53,405,99.09,15,1630,35,197,60.18,142310,12252.4384,162,0:05:09,1022782,11.74
Highlights | Pakistan vs New Zealand | T20I | PCB | M2B2A,19-Aug-23,1266,0,6,837,3670,96.77,591,17719,218,4258,28.76,2057680,206308.4498,4040,0:06:00,29488140,6.29
Brilliant Death Over Bowling By Mohammad Amir | Desert Vipers vs MI Emirates | Match 15 | ILT20,30-Jan-24,1264,0,,31,919,98.89,11,984,8,81,69.31,67338,764.9023,73,0:00:40,650851,7.81
1st Innings Highlights | Peshawar Zalmi vs Karachi Kings | Match 6 | HBL PSL 9 | M2A1A,21-Feb-24,1264,0,509,132,1047,97.88,98,4526,67,780,39.74,420851,24482.261,713,0:03:29,4375506,8.66
Death Bowling At His Best | Haris Rauf Top Wickets of 2022-23 | PCB | MA2A,9-May-23,1257,0,52,8,2493,98.44,12,756,3,73,42.86,48435,1349.1193,70,0:01:40,379669,10.14
Best Of Mohammad Amir So Far | Best Bowling Spell in PSL 5 | HBL PSL 2020,9-Mar-20,1248,1,3,24,1984,99.21,16,2002,14,248,32,184887,6885.4302,234,0:02:14,2119143,7.26
2nd Innings Highlights | Pakistan vs New Zealand | 2nd T20I 2024 | PCB | M2E2A,20-Apr-24,1244,0,11,268,1417,97.57,213,8558,53,1625,47.09,781074,50060.5705,1572,0:03:50,6356440,10.45
Full Fight Scene Between Ahmed Shehzad And Mohammad Amir | HBL PSL | MB2A,3-Apr-23,1238,0,16,24,568,96.76,18,537,5,44,72.43,61874,1145.3057,39,0:01:06,655446,8.4
"That's How Abdullah Shafique, Babar Azam, And Mohammad Rizwan Saved The Test Match Against Australia",13-Nov-23,1232,0,,45,188,98.37,43,2595,21,420,29.98,302596,17918.1872,399,0:03:33,3381875,7.52
Qalandars Hits Highest Score of 241-3 Runs Against Zalmi | Lahore vs Peshawar | HBL PSL 2023 | MI2A,16-Feb-24,1220,1,13,94,945,96.6,129,3664,68,1109,28.18,495615,44688.1195,1041,0:05:24,6010615,6.83
PSL 9 | Ending Ceremony | Peshawar Zalmi vs Multan Sultans | Match 21 | M1Z2A,5-Mar-24,1219,0,11,51,175,99.43,16,2799,14,270,45.78,68232,3340.4296,256,0:02:56,899654,6.16
Highlights | Pakistan vs England | T20I | PCB | MU2A,28-Feb-23,1200,1,,20,909,95.86,116,2689,27,474,27.43,330879,28512.9393,447,0:05:10,3565546,7.44
1st Ever Victory for Zalmi | Iftikhar vs Naveen Battle | Multan Sultans vs Peshawar Zalmi | M2A1A,23-Feb-24,1199,0,126,92,745,97.33,92,3360,26,732,52.17,686086,21275.1789,706,0:01:51,9575149,6.39
Babar Azam Bowling | Pakistan vs New Zealand | 1st Test Day 2 | PCB | MZ2L,27-Dec-22,1193,0,,7,486,97.72,10,429,5,140,55.69,74471,967.7142,135,0:00:46,1040131,6.2
Fastest Century By Mohammad Rizwan | Pakistan vs South Africa | 1st T20I 2021 | ME2T,12-Feb-21,1193,0,,13,2984,99,5,494,1,67,48.27,45956,714.8109,66,0:00:55,450124,8.75
PSL 9 | 1st Innings Powerplay | Quetta Gladiators vs Multan Sultans | Match 30 | M2A1A,12-Mar-24,1187,0,,21,56,98.77,8,645,8,46,56,64347,2001.7696,38,0:01:51,373874,14.66
Maiden Century By King Babar Azam üëë| Peshawar Zalmi vs Quetta Gladiators | Match 25 | PSL 8 | MI2A,8-Mar-23,1184,0,3,34,6024,99.1,18,1973,20,160,58.13,96598,1871.7296,140,0:01:09,864670,9.49
Pakistan Vs Australia | 3rd T20I | Full Highlights | PCB|M7C2,15-Aug-20,1183,0,23,15,1509,94.29,208,3433,53,1530,27.57,673131,61705.6283,1477,0:05:30,9360813,5.71
Fakhar Zaman's Explosive Knock | 1Ô∏è‚É£1Ô∏è‚É£5Ô∏è‚É£ Runs Blitz vs Islamabad United in 2023 | HBL PSL | MI2A,20-Dec-23,1182,0,,15,1086,97.66,28,1167,13,125,42.77,95119,3514.8411,112,0:02:13,1132905,6.96
All Top Sixes Collection in HBL PSL 8 | HBL PSL 8 | MI2A,26-Mar-23,1170,1,82,22,1544,98.58,24,1661,19,209,40.16,134953,7286.1044,190,0:03:14,1625890,6.26
375-3 | Highest Ever ODI Score At Home Soil By Pakistan | Pakistan vs Zimbabwe | ODI | PCB | M3C2A,21-Sep-23,1164,0,,20,190,95.91,40,938,18,203,32.76,209044,9852.9267,185,0:02:49,2416138,7.5
2nd Innings Highlights | Multan Sultans vs Peshawar Zalmi | Match 9 | HBL PSL 9 | M2A1A,23-Feb-24,1160,0,132,83,737,98.63,33,2368,33,380,53.95,220795,18630.1539,347,0:05:03,2163847,8.76
The Final | Highlights | Pakistan vs England | T20I | PCB | MU2F,14-Nov-22,1159,0,182,71,1514,94.97,380,7171,54,1740,20.52,1213521,77459.2108,1686,0:03:49,12308997,9.12
PSL 9 | TKC & Babar's Class | Abrar Have No Answer | Peshawar Zalmi vs Quetta Gladiators | M1Z2A,8-Mar-24,1158,0,8,11,162,99.09,4,436,3,43,60,30206,513.5349,40,0:01:01,292874,8.05
PSL 9 | 1st Innings Highlights | Karachi Kings vs Quetta Gladiators | Match 16 | M2A1A,29-Feb-24,1157,0,313,61,452,97.81,48,2141,30,281,55.19,204913,15486.4869,251,0:04:32,1535935,11.88
Highlights | Pakistan vs New Zealand | ODI | PCB | M2B2A,3-Aug-23,1153,0,2,73,835,97.01,117,3790,31,664,28.83,365647,36930.9176,633,0:06:03,6006299,5.11
2nd Innings Powerplay | Lahore Qalandars vs Multan Sultans | Match 14 | HBL PSL 9 | M2A1A,27-Feb-24,1141,0,5,6,41,97.61,10,408,4,40,67.49,43265,1614.1488,36,0:02:14,298357,10.84
10 Wickets Victory | Babar & Rizwan's Unbeaten Knock vs England | 2nd T20I 2022 | PCB | MU2A,23-May-24,1131,0,45,140,1044,95.16,215,4230,54,871,25.53,609349,44430.6994,817,0:04:22,5456542,8.52
Shaheen Afridi Takes 3 Wickets | Gulf Giants vs Desert Vipers | Match 7 | DP World ILT20,24-Jan-24,1126,0,7,13,587,99.22,5,640,10,50,63.03,41191,411.1067,40,0:00:35,357658,9
Most Aggressive Batting by Ahmed Shehzad In PSL History | KHI Kings vs Quetta Gladiators | PSl|M1G1,21-Dec-19,1123,0,,26,110,96.25,28,719,14,102,28.68,67217,6324.587,88,0:05:38,970862,5.62
PSL 9 | 1st Innings Highlights | Karachi Kings vs Peshawar Zalmi | Match 29 | M2A1A,11-Mar-24,1122,0,2397,81,531,98.71,37,2823,30,298,55.71,248237,19784.2297,268,0:04:46,1566627,13.75
Highlights | South Africa vs Pakistan | 4th T20I 2021 | CSA | MJ2A,26-Aug-23,1120,0,2,28,726,96.62,131,3747,34,533,31.9,443099,38397.4514,499,0:05:11,5984642,5.87
Winning Moments | Pakistan vs New Zealand | 5th T20I 2024 | PCB | M2E2A,27-Apr-24,1115,0,,37,127,98.62,10,716,3,48,49.64,48821,760.7038,45,0:00:56,327514,11.23
Highlights | Pakistan vs West Indies | T20I | PCB | MK1L,18-Aug-23,1114,0,3,44,591,96.51,117,3235,34,723,36.4,353669,34188.7581,689,0:05:48,5055962,5.91
1st Innings Highlights | Quetta Gladiators v Islamabad United | Match 8 | HBL PSL 9 | M2A1A,22-Feb-24,1110,0,139,56,572,97.72,64,2742,39,516,50.78,275199,19719.319,477,0:04:17,2680805,9.41
2nd Innings Highlights | Quetta Gladiators vs Peshawar Zalmi | Match 2 | HBL PSL 9 | M2A1A,18-Feb-24,1109,0,251,88,1178,98.11,73,3796,52,1107,45.93,290478,18865.4518,1055,0:03:53,3245343,7.93
Babar Azam Smashing Century üíØ Against West Indies | Pakistan vs West Indies | ODI | PCB | MO2A,9-Jul-23,1093,2,1,12,270,97.13,14,474,4,56,43.83,45161,1605.47,52,0:02:07,94511,5.97
Highlights | Pakistan vs Bangladesh | T20I | PCB | MA2L,17-Apr-22,1092,0,,15,592,95.35,50,1025,9,461,19.8,214980,11326.1601,452,0:03:09,1777002,9.89
PSL 9 | Last Over Victory | Islamabad United vs Multan Sultans | Match 27 | M1Z2A,10-Mar-24,1092,0,162,51,815,98.77,19,1525,7,119,55.55,136405,2209.8496,112,0:00:58,839206,10.12
Abrar Ahmed vs Mark Wood | Pakistan vs England | 2nd Test Day 4 | PCB | MY2L,12-Dec-22,1088,0,,4,102,99.54,2,430,6,27,64.5,47814,882.3205,21,0:01:06,423142,10.01
2nd Innings Highlights | Pakistan vs New Zealand | 3rd T20I 2024 | PCB | M2E2A,21-Apr-24,1084,0,4,362,648,96.93,106,3343,33,558,46.27,449203,28633.7554,525,0:03:49,4360158,8.57
Let's Rewind All Longest Sixes in HBL PSL History | HBL PSL | MI2T,19-Jan-23,1083,0,,9,112,97.79,23,1018,17,120,43.47,87229,5308.2941,103,0:03:39,1285952,4.8
Jake Fraser-McGurk Attacking Shots | Dubai Capitals vs Abu Dhabi Night Riders | Match 8 | ILT20,26-Jan-24,1074,0,4,51,1698,99.09,28,3034,21,377,68.78,324727,3660.4561,356,0:00:40,2632776,11.45
Highlights | Pakistan vs West Indies | T20I | PCB | MK2A,18-May-23,1073,0,6,1,241,97.11,13,437,7,60,31.95,69887,6474.6208,53,0:05:33,608487,7.26
Pakistan vs West Indies | 1st T20I Highlights | PCB | MA2E,17-May-21,1073,0,1,1,42,99.35,1,154,1,39,37.35,43777,5246.2681,38,0:07:11,357660,9.18
PSL 9 | 2nd Innings Powerplay | Peshawar Zalmi vs Islamabad United | Match 33 | M2A1A,16-Mar-24,1070,0,,8,82,97.74,12,518,6,45,69.87,57833,2143.9862,39,0:02:13,273453,16.09
Pakistan Need 44 Runs in 24 Balls | Thrilling End | Pakistan vs West Indies | ODI | PCB | MO2A,14-May-23,1068,0,3,5,89,96.61,13,370,4,72,39.68,65663,3539.36,68,0:03:14,458078,8.13
PSL 9 | 1s Innings Highlights | Quetta Gladiators vs Lahore Qalandars | Match 28 | M2A1A,10-Mar-24,1067,0,2004,48,295,98.24,33,1838,20,191,53.4,155371,11500.4612,171,0:04:26,1187038,11.43
High Voltage Drama at Start | Victory for Pakistan | New Zealand vs Pakistan | PCB,22-Jan-24,1060,0,2,30,583,95.5,156,3313,40,659,25.97,466127,39919.3888,619,0:05:08,4584448,8.65
Haris Rauf's 19TH Over | Multan Sultans vs Lahore Qalandars | Match 34 Final | HBL PSL 8 | MI2A,18-Mar-23,1060,0,18,7,554,100,0,233,3,41,57.26,30124,560.616,38,0:01:06,297297,8.19
PSL 9 | 2nd Innings Highlights | Karachi Kings vs Quetta Gladiators | Match 16 | M2A1A,29-Feb-24,1058,0,193,79,589,98.44,35,2205,20,248,58.74,191489,15527.257,228,0:04:51,1794373,9.27
Gearing üÜôFirst net session of the World Cup üèè#WeHaveWeWill | #CWC23,28-Sep-23,1057,0,108,41,336,98.89,23,2050,13,270,50.43,114948,1900.0992,257,0:00:59,953827,10.23
Highlights | Pakistan vs New Zealand | ODI | PCB | MZ2A,16-Sep-23,1048,0,1,31,346,95.85,104,2400,31,400,32.03,265065,27990.0114,369,0:06:20,3318884,5.87
Haris Rauf vs Ihsanullah | Pace vs Pace | Lahore vs Multan | Match31 | HBL PSL 8 | MI2A,15-Mar-23,1040,0,,6,632,97.95,9,430,4,47,60.68,40236,793.4498,43,0:01:10,399322,8.43
PSL 9 | 1st Innings Highlights | Karachi Kings vs Multan Sultans | Match 19 | M2A1A,3-Mar-24,1038,0,100,52,509,98,51,2499,16,327,59.01,192048,16368.546,311,0:05:06,1522428,10.74
Abrar Ahmed is The Next Saeed Ajmal For Pakistan | PCB | MY2A,9-Apr-23,1023,0,12,148,530,98.31,51,2967,29,373,27.97,421060,22079.9081,344,0:03:08,6301031,5.54
PSL 9 | 1st Innings Powerplay | Multan Sultans vs Islamabad United | Match 34 Final | M2A1A,18-Mar-24,1017,0,1,7,56,97.91,10,468,2,49,57.9,51175,1646.044,47,0:01:55,262739,15.7
PSL 9 | 2nd Innings Powerplay | Peshawar Zalmi vs Quetta Gladiators | Match 25 | M2A1A,8-Mar-24,1017,0,4,4,42,99.34,2,300,2,34,66.89,34452,748.9761,32,0:01:18,259036,10.47
Fakhar Zaman vs Shadab Khan | 6 - 6 - 6 - 6 | Islamabad vs Lahore | Match 26 | HBL PSL 8 | MI2A,9-Mar-23,1016,0,1,5,633,99.19,3,368,5,43,55.65,36639,668.3227,38,0:01:05,405164,7.81
PSL 9 | Ending Ceremony | Islamabad United vs Multan Sultans | Match 27 | M1Z2A,10-Mar-24,1014,0,3,21,62,99.09,14,1531,4,160,37.83,39474,1995.2279,156,0:03:01,578427,5.8
Top T20I Action | Unforgettable Matchup | Pakistan vs New Zealand | T20I | PCB | M2B2A,19-Apr-24,1009,0,4,95,1081,96.69,185,5399,39,1237,22.44,644521,42230.4692,1198,0:03:55,5327569,9.98
PSL 9 | 1st Innings Powerplay | Peshawar Zalmi vs Islamabad United | Match 33 | M2A1A,16-Mar-24,1003,0,,5,69,99.14,3,345,6,20,61.5,29154,901.4862,14,0:01:51,157405,14.45
Let's Rewind Record Chase By King Babar Azam & Superman Mohammad Rizwan | T20I | PCB | MK2A,30-Jul-23,1002,0,2,42,528,97.2,61,2114,26,434,31.2,461631,20885.1742,408,0:02:42,4073007,9.66
Highlights | South Africa vs Pakistan | T20I | CSA | MJ2A,19-Jul-23,997,0,3,19,351,96.67,74,2151,26,346,34.43,219653,20941.3615,320,0:05:43,3167146,5.35
Zaman Khan is Selected For #AsiaCup2023 | Watch His Match Winning Bowling | HBL PSL | MI2A,12-Sep-23,996,1,43,153,602,98.47,49,3146,26,392,34.67,425009,14612.6667,366,0:02:03,4405026,8.36
PSL 9 | Naseem Shah Interview | Multan Sultans vs Islamabad United | Match 34 Final | M2A1A,18-Mar-24,994,0,1,9,101,99.41,4,671,1,17,57.2,38174,539.7811,16,0:00:50,253809,9.68
Highlights | Pakistan vs New Zealand | ODI | PCB | M2B2A,16-May-23,993,0,778,47,1626,95.44,216,4519,44,1461,20.12,784371,54347.9699,1417,0:04:09,6761742,10.11
Highlights | Pakistan vs West Indies | 1st ODI 2022 | PCB | MO2L,8-Jul-22,993,0,16,8,369,94.33,37,615,9,130,30.31,112884,10453.0224,121,0:05:33,931418,8.89
Highlights | Pakistan vs Australia | 2nd Test Day 4 | PCB | MM2A,13-Dec-23,990,0,4,44,228,97.74,55,2374,21,428,34.81,276150,14498.3431,407,0:03:09,1660302,14.27
Most Intresting Match | Pakistan Vs Australia | 2nd T20 | Full Highlights | PCB|M7C2,23-Dec-19,988,0,1,4,133,92.67,52,657,6,176,36.09,109502,12603.2458,170,0:06:54,1944156,3.63
Captain And Coach Rally The Boys as The Preps Continue üí™ | PCB | MA2A,19-Oct-23,987,0,8,50,65,99.08,8,863,4,63,53.29,35994,607.4463,59,0:01:00,282970,10.64
Lahore Qalandars Vs Karachi Kings | Full Match Highlights | Match 23 | HBL PSL 5 | 2020|MB2,8-Mar-20,986,0,3,2,133,95.16,17,334,7,85,34.09,57420,7954.1874,78,0:08:18,822043,4.51
Full Highlights | South Africa vs India | 1st Test Day 5 | CSA | MI1T,2-Jan-22,984,0,164,6,104,98.15,11,583,9,130,26.26,62005,2189.2837,121,0:02:07,526098,10.66
2nd Innings Powerplay | Multan Sultans vs Islamabad United | Match 5 | HBL PSL 9 | M2A1A,20-Feb-24,977,0,139,19,150,97.93,14,661,13,119,55.31,74576,3368.7515,106,0:02:42,569607,11.63
1st Innings Highlights | Quetta Gladiators vs Peshawar Zalmi | Match 2 | HBL PSL 9 | M2A1A,18-Feb-24,976,0,201,33,873,98.49,32,2092,31,615,44.24,147991,8855.9103,584,0:03:35,1399138,9.35
PSL 9 | Saim Ayub & Babar Azam's Show Time | Peshawar Zalmi vs Multan Sultans | Match 21 | M1Z2A,5-Mar-24,969,0,152,24,651,98.73,18,1402,11,133,56.38,111893,2085.283,122,0:01:07,759002,12.59
Highlights | Pakistan vs England | 3rd T20I 2015 | PCB | MA2A,9-Apr-23,967,0,25,63,2264,96.17,226,5668,47,976,35.47,563244,55157.4835,929,0:05:52,9575377,4.53
Most Epic & Thrilling Match | PAK Need 16 Runs in 12 Balls | Pakistan vs South Africa | PCB | ME2A,1-Apr-23,963,1,2,1,1,93.33,4,56,0,23,46.28,11464,427.3768,23,0:02:14,1693,2.66
Amazing Last 2 Overs | Final Ball Thriller | Pakistan vs New Zealand | 3rd T20I 2023 | PCB | M2B2A,17-Apr-23,953,0,,5,498,96.64,10,288,3,135,51.94,46620,786.9701,132,0:01:00,535705,7.78
Mohammad Amir Showing His Magic | Desert Vipers vs Gulf Giants | Match 19 | DP World ILT20,3-Feb-24,951,0,1,29,711,99.56,5,1134,13,102,67.58,66654,738.2042,89,0:00:39,543193,8.93
Mohammad Rizwan vs Nathan Lyon | Last Over Battle | Pakistan vs Australia | Test | PCB | MM2A,12-Apr-24,949,0,1,30,141,95.89,48,1120,22,117,33.53,291226,8788.8586,95,0:01:48,3111956,6.66
A Fighting Century By Inzamam-ul-Haq Against India | Pakistan vs India | 1st ODI 2004 | PCB | MA2A,21-May-23,946,0,3,32,325,98.81,13,1083,12,153,67.02,151934,2517.2311,141,0:00:59,1036935,13.62
PSL 9 | Dramatic Last Over | Peshawar Zalmi vs Multan Sultans | Match 21 | M1Z2A,5-Mar-24,944,0,16,11,235,98.35,7,416,1,28,68.49,46573,948.0229,27,0:01:13,398777,8.66
PSL 9 | 1st Innings Highlights | Islamabad United vs Karachi Kings | Match 24 | M2A1A,7-Mar-24,937,0,775,57,339,98.27,37,2099,20,231,52.86,202661,15295.9878,211,0:04:31,1443451,12.38
PSL 9 | 1st Innings Highlights | Islamabad United vs Multan Sultans | Match 27 | M2A1A,10-Mar-24,936,0,1514,66,722,98.25,55,3082,23,305,54.55,232475,18141.9283,282,0:04:40,1795373,11.09
Can Pakistan Chase this Historical Target vs New Zealand | PCB | M2B2A,4-Nov-23,936,0,86,17,498,96.51,46,1272,5,206,22.44,211192,8372.5206,201,0:02:22,1310160,12.7
"Watch The Moment Usman Khan, Muhammad Irfan Khan And Abrar Ahmed Received Their T20I Caps üß¢üåü | M2E2A",18-Apr-24,936,1,2,41,152,99.01,25,2497,13,199,62.93,120605,1792.0859,186,0:00:53,1186623,8.24
2nd Innings Powerplay | Multan Sultans vs Lahore Qalandars | Match 7 | HBL PSL 9 | M2A1A,21-Feb-24,935,0,84,9,90,98.46,9,577,11,57,52.98,54551,2360.1571,46,0:02:35,440565,10.8
Highlights | Pakistan vs New Zealand | ODI | PCB | M2B2A,28-Aug-23,927,0,,102,707,96.37,138,3659,53,816,30.09,419652,44823.3866,763,0:06:24,6490348,5.54
Babar Azam Century Moments | Peshawar Zalmi vs Islamabad United | Match 13 | HBL PSL 9 | M2A1A,26-Feb-24,927,0,6,84,929,99.09,13,1410,9,62,60.25,53002,753.9518,53,0:00:51,365266,11.54
Nail Biter Over | Heart-Stopping Moment | Lahore vs Quetta | Match 4 | HBL PSL 9 | M2A1A,19-Feb-24,926,0,40,17,92,97.51,5,196,4,28,50.08,44104,1128.9883,24,0:01:32,438508,9.11
Fiery Reply By Zalmi in Powerplay | Quetta Gladiators vs Peshawar Zalmi | Match 2 | HBL PSL9 | M2A1A,18-Feb-24,925,0,28,8,98,98.43,8,503,6,78,52.35,35448,1469.1034,72,0:02:29,297512,10.74
Heavy Fight | Shaheen vs Iftikhar | Lahore Qalandars vs Multan Sultans | Match 14 | HBL PSL9 | M2A1A,27-Feb-24,923,0,39,48,376,93.36,77,1083,7,89,58.89,144894,4432.1229,82,0:01:50,1059878,11.79
Highlights | Pakistan vs Australia | 1st Test Day 5 | PCB | MM2A,9-Dec-23,917,0,27,48,414,96.71,117,3439,48,966,32.54,556120,28902.0143,918,0:03:07,3346047,15
Highlights | Pakistan vs Australia | 2nd Test Day 5 | PCB | MM2A,14-Dec-23,916,0,2,29,288,96.87,73,2256,30,559,33.76,283684,18275.7002,529,0:03:51,1930478,12.43
2nd Innings Powerplay | Lahore Qalandars vs Karachi Kings | Match 10 | HBL PSL 9 | M2A1A,24-Feb-24,916,0,5,9,34,98.13,8,420,6,39,60.09,46949,2170.8985,33,0:02:46,324823,11.75
1st Ever Super Over Of PSL History | Lahore Qalandars vs Islamabad United | HBL PSL | MB2L,21-Jan-23,910,0,,35,916,97.6,86,3493,25,479,41.31,381797,21819.8173,454,0:03:25,4845910,6.17
Battle Between Babar Azam And Saqlain Mushtaq | PCB | MA2L,15-Dec-21,910,0,,69,188,97.15,38,1297,16,170,48.34,161885,4282.6284,154,0:01:35,1518549,9.51
PSL 9 | 2nd Innings Powerplay | Peshawar Zalmi vs Multan Sultans | Match 21 | M2A1A,5-Mar-24,908,0,1,7,68,97.81,10,446,7,41,65.84,52847,1845.9923,34,0:02:05,275990,14.92
2nd Innings Highlights | Lahore Qalandars vs Peshawar Zalmi | Match 12 | HBL PSL 9 | M2A1A,25-Feb-24,908,0,22,69,588,97.97,50,2415,17,323,50.52,214879,15380.3377,306,0:04:17,1769190,10.64
Haris Rauf Historical Last 2 Overs vs England | T20I | PCB | MU2L,26-Jun-23,905,0,,19,787,98.79,21,1719,10,109,41.68,110603,5122.5297,99,0:02:46,1227834,6.43
Highlights | Pakistan vs Australia | ODI | PCB | MM2A,22-Aug-23,903,0,,124,627,96.47,110,3002,42,537,28.36,333058,27494.8229,495,0:04:57,3432769,8.56
The Final | Highlights | Pakistan vs England | T20I | PCB | MU2L,13-Nov-22,902,4,130,262,5835,95.06,1247,24014,240,5794,21.63,2761913,209063.0481,5554,0:04:32,34939216,6.77
PSL 9 | 4Ô∏è‚É£-4Ô∏è‚É£-4Ô∏è‚É£ | Saim Ayub vs Faheem Ashraf | Peshawar Zalmi vs Islamabad United | M2A1A,16-Mar-24,901,0,1,5,23,98.3,6,347,3,40,46.07,30433,837.3155,37,0:01:39,215024,11.6
Pakistan Amazing Victory | Pakistan vs New Zealand | 3rd T20I Highlights | PCB | MA2E,6-May-21,895,0,1,9,193,94.73,42,755,5,165,37.05,141914,17060.3773,160,0:07:12,1520909,7.2
PSL 9 | 2nd Innings Powerplay | Islamabad United vs Quetta Gladiators | Match 32 | M2A1A,15-Mar-24,889,0,1,7,46,98.62,4,286,4,16,68.81,28814,1151.1043,12,0:02:23,143128,15.84
Highlights | South Africa vs Pakistan | 2nd ODI 2021 | CSA | MJ2A,29-Aug-23,889,0,,47,490,96.99,55,1771,16,241,35.5,188033,20171.7424,225,0:06:26,2411639,6.28
2nd Innings Highlights | Multan Sultans vs Islamabad United | Match 5 | HBL PSL 9 | M2A1A,20-Feb-24,888,0,451,77,820,97.69,80,3379,51,832,45.42,428562,27304.451,781,0:03:49,4046832,9.62
üáµüá∞ü§ùüá≥üáµ Funny Moments of Mohammad Rizwan with Nepal Teammates | PCB | MA2A,28-Aug-23,884,0,2,71,306,99.62,10,2650,8,287,69.81,81140,629.4067,279,0:00:27,641502,11.37
Ending Ceremony | Lahore Qalandars vs Multan Sultans | Match 14 | HBL PSL 9 | M1Z2A,27-Feb-24,883,0,22,39,115,98.98,16,1556,11,209,44.35,48016,2383.9397,198,0:02:58,691900,5.56
Historical Victory | Hasan Ali The HERO | Pakistan vs South Africa | T20I | PCB | ME2A,26-Jul-23,878,1,,24,237,97.54,36,1428,32,222,29.64,193058,12604.1003,190,0:03:55,2621929,5.69
Highlights | Pakistan vs New Zealand | 5th T20I 2024 | PCB | M2E2A,7-May-24,875,0,3,54,480,95.13,160,3127,29,681,29.91,419338,39059.2243,652,0:05:35,5964101,5.77
PSL 9 | 2nd Innings Powerplay | Islamabad United vs Lahore Qalandars | Match 23 | M2A1A,6-Mar-24,874,0,2,3,26,100,0,254,2,20,72.23,23914,983.6511,18,0:02:28,161608,12.17
New Zealand's Dramatic Fall of Wickets | Kiwis All Out on 90 Runs at Rawalpindi | PCB | M2E2A,30-Apr-24,874,0,1,125,423,96.92,103,3244,34,485,31.59,714603,25329.9443,451,0:02:07,5715253,10.87
Highlights | South Africa vs Pakistan | T20I | CSA | MJ2A,12-Nov-23,872,0,1,7,138,96.98,18,579,7,111,31.62,91946,8051.1256,104,0:05:15,1234669,5.71
PSL 9 | 1st Innings Highlights | Multan Sultans vs Peshawar Zalmi | Match 31 | Qualifier | M2A1A,14-Mar-24,872,0,1862,56,409,97.73,49,2108,26,260,52.75,194258,14517.2816,234,0:04:29,1289924,13.11
PSL 9 | Thrilling End of PSL History | Karachi Kings vs Lahore Qalandars | Match 26 | M1Z2A,9-Mar-24,865,0,42,22,588,98.46,10,639,6,62,61.81,68642,1225.7669,56,0:01:04,466347,8.08
PSL 9 | 1st Innings Powerplay | Islamabad United vs Quetta Gladiators | Match 32 | M2A1A,15-Mar-24,863,0,,6,58,99.11,3,334,3,22,58.84,37103,1194.6675,19,0:01:55,207787,14.72
5 Wicket Haul By Naseem Shah | Naseem Shah At His Very Best | W - W - W - W - W | HBL PSL | MB2A,17-May-23,863,1,,18,993,97.93,36,1704,16,149,41.96,159775,5344.9196,133,0:02:00,1622532,7.88
Babar Azam & Shaheen Afridi Completely Dominated New Zealand With The Bat | PCB | M2B2A,14-Jun-23,862,0,,7,95,96.38,22,585,5,118,36.33,89396,5944.4719,113,0:03:59,996517,7.05
Last 3 Thrilling Overs | Pakistan vs Australia | 2nd Test Day 5 | PCB | MM2A,17-May-23,861,0,5,22,244,97.64,62,2566,33,541,30.89,450829,19613.7986,508,0:02:36,4566187,8.29
Kiwis at Strong Position in Powerplay | Pakistan vs New Zealand | 4th T20I 2024 | PCB | M2E2A,25-Apr-24,859,0,1,19,22,99.18,2,241,3,38,52.01,67087,1124.3471,35,0:01:00,417010,10.18
Shoaib Malik Played a Fighting Knock | Multan Sultans vs Karachi Kings | Match 3 | HBL PSL 9 | M2A1A,18-Feb-24,859,0,218,52,422,96.97,53,1697,16,216,47.78,280076,7731.9236,200,0:01:39,2370340,10.88
Match Winning Century By Babar Azam | Pakistan vs West Indies | 2nd ODI | MA2T,6-Jun-22,857,0,,22,1078,98.8,20,1644,15,169,33.63,105291,4731.5164,154,0:02:41,1092390,8.14
Highlights | Pakistan vs South Africa | T20I | PCB | ME2A,17-Sep-23,855,0,,37,376,94.61,122,2143,34,545,33.67,336827,35440.7059,511,0:06:18,5974304,4.55
Revenge Completed | Azam Khan vs Naseem Shah | Quetta vs Islamabad | Match 13 | HBL PSL 8 | MI2A,24-Feb-23,852,0,,10,241,97.35,10,368,7,55,59.54,79598,1566.6047,48,0:01:10,703697,9.81
Highlights | Pakistan vs South Africa | ODI | PCB | MA2A,8-Feb-23,850,0,4,77,3228,96.66,301,8722,89,2052,36.49,971288,99718.8718,1963,0:06:09,20252867,3.5
Full Highlights | Pakistan vs New Zealand | 5th T20I 2024 | PCB | M2E2A,27-Apr-24,849,0,11,1085,12518,95.74,1655,37214,327,7315,35,2823794,375292.9302,6988,0:07:58,38514155,6.19
PSL 9 | 1st Innings Highlights | Karachi Kings vs Lahore Qalandars | Match 26 | M2A1A,9-Mar-24,849,0,1797,30,431,97.93,49,2313,31,228,57.8,188036,15066.1527,197,0:04:48,1337776,12.44
Game Changing Over | Shaheen vs Ihsanullah | Multan vs Lahore | Match 34 Final | HBL PSL 8 | MI2A,18-Mar-23,848,0,11,0,185,97.66,5,209,0,11,62.33,16389,326.3109,11,0:01:11,130681,10.01
1st Innings Highlights | Multan Sultans vs Islamabad United | Match 5 | HBL PSL 9 | M2A1A,20-Feb-24,848,0,294,54,619,97.77,46,2017,40,450,51.37,195976,14122.9408,410,0:04:19,1696933,10.44
PSL 9 | Full Highlights | Multan Sultans vs Peshawar Zalmi | Match 31 | Qualifier | M2A1A,14-Mar-24,846,0,7631,421,5233,96.88,559,17361,136,2106,38.49,1032663,157767.2057,1970,0:09:09,8744889,10.03
Highlights | Pakistan vs England | T20I | PCB | MU2A,30-Jul-23,844,0,,35,466,96.8,60,1816,21,294,34.72,153523,15665.7084,273,0:06:07,2283910,5.54
2nd Innings Highlights | Lahore Qalandars vs Quetta Gladiators | Match 4 | HBL PSL 9 | M2A1A,19-Feb-24,841,0,190,77,756,97.93,60,2839,40,533,49.8,264967,18141.9592,493,0:04:06,2852741,8.25
üëë King vs üëë King | Babar Azam vs Shahid Afridi | HBL PSL | MB2A,13-Jun-23,837,0,9,22,637,97.11,23,772,8,109,48.47,76823,2140.9552,101,0:01:40,813877,7.61
PSL 9 | Ending Ceremony | Peshawar Zalmi vs Islamabad United | Match 33 | M1Z2A,16-Mar-24,835,0,36,102,206,98.56,56,3826,19,582,33.53,148866,7543.0061,563,0:03:02,1325402,9.12
Mohammad Irfan vs Glenn Maxwell | Pakistan vs Australia | 1st ODI 2014 | PCB | MA2A,5-Apr-23,831,2,101,11,308,98.97,6,579,5,64,53.97,49956,1295.732,59,0:01:33,467991,9.07
PSL 9 | Unbelievable Collapse of Quetta | Islamabad United vs Quetta Gladiators | Match 32 | M1Z2A,15-Mar-24,831,0,20,21,241,97.82,13,582,9,46,63.98,41308,873.6209,37,0:01:16,297124,10.17
High Scoring Match | Babar & Rizwan Creates History | Pakistan vs West Indies | T20I | PCB | MK2A,26-Jan-24,829,0,4,17,382,95.73,75,1683,17,372,31.91,235781,22197.9972,355,0:05:38,3597350,4.85
PSL 9 | Martin Guptill & Azam Khan's Show | Multan Sultans vs Islamabad United | Match 34 | M1Z2A,18-Mar-24,829,0,,2,45,98.55,2,136,0,16,54.69,23527,328.8188,16,0:00:50,140057,9.61
2nd Innings Powerplay | Pakistan vs New Zealand | 5th T20I 2024 | PCB | M2E2A,27-Apr-24,828,0,2,11,68,97.81,8,358,3,40,57.39,53617,1008.5387,37,0:01:07,345103,11.55
Ending Ceremony | Lahore Qalandars vs Peshawar Zalmi | Match 12 | HBL PSL 9 | M1Z2A,25-Feb-24,828,0,60,54,187,99.19,30,3669,30,538,36.1,111107,4980.9414,508,0:02:41,1261647,7.64
Let's Reflect and Enjoy Some Funny Moments of Aleem Dar on the Field | PCB | M2B2A,29-Apr-23,826,0,3,9,378,99.2,5,617,5,74,60.47,48385,1284.1181,69,0:01:35,354554,9.9
PSL 9 | 2nd Innings Powerplay | Multan Sultans vs Islamabad United | Match 34 Final | M1Z2A,18-Mar-24,818,0,5,4,48,97.95,6,287,4,27,63.19,41938,853.9204,23,0:01:13,209467,14.15
Unplayable Bowling By Naseem Shah | Pakistan vs New Zealand | 2nd Test Day 1 | PCB | MZ2L,2-Jan-23,817,0,,4,903,99.49,2,389,2,32,58.26,27916,533.1171,30,0:01:08,271669,8.32
Need 1Ô∏è‚É£9Ô∏è‚É£ Runs in Last 6Ô∏è‚É£ Balls | Exciting Last Over | Pakistan vs South Africa | PCB | ME2A,25-Aug-23,815,0,1,6,45,98.01,7,344,10,23,54.11,28112,1254.8831,13,0:02:40,263380,6.71
Shan Masood Incredible Batting | One Man Army | PCB | MA2T,28-Oct-22,813,0,,6,149,98.43,6,375,6,43,50.55,35906,594.9886,37,0:00:59,260644,12.76
Dream Debut by Abrar Ahmed Against England | Pakistan vs England | Test | PCB | MY2L,21-Dec-22,813,1,366,54,263,98.96,25,2375,15,197,38.85,98249,7157.003,182,0:04:22,1783704,4.17
PSL 9 | Babar Azam vs Mohammad Hasnain | Peshawar Zalmi vs Quetta Gladiators | Match 25 | M1Z2A,8-Mar-24,811,0,3,4,159,97.45,5,191,2,14,51.87,18396,294.1957,12,0:00:57,167546,7.64
Top Spinner Wickets in HBL PSL 8 | HBL PSL 8 | MI2A,24-Mar-23,808,0,89,14,350,98.82,12,1006,12,108,37.59,117138,6262.103,96,0:03:12,1092931,7.88
Match Winning Highlights | Pakistan vs Sri Lanka | ODI | PCB | M1D2A,12-Sep-23,807,1,7,123,1199,94.35,241,4027,61,1791,17.84,1199415,67347.9929,1730,0:03:22,9910188,10.21
Rashid Khan's Helicopter Shot Takes Flight in Lahore! üöÅ | #HBLPSL8|MI2,27-Feb-23,806,0,,8,2332,99.07,5,535,2,121,70.92,45297,348.0344,119,0:00:27,432738,9.06
Lahore Qalandars Vs Peshawar Zalmi | Full Match Highlights | Match 11 | HBL PSL 5 | 2020|MB1,28-Feb-20,795,0,,3,269,99.58,3,710,11,139,29.09,70983,6923.3102,128,0:05:51,1432182,3.79
Mohammad Amir vs Shaheen Afridi Fight | HBL PSL | MB2A,31-Jul-23,794,0,2,81,1595,95.49,59,1248,14,156,47.31,230965,4249.2733,142,0:01:06,1968002,10.71
Wahab Riaz vs Shane Watson | The Battle of Pride | HBL PSL 2017 | MB2A,13-Jun-23,794,0,1,8,164,98.32,10,585,7,53,36.55,52788,1463.0562,46,0:01:39,484869,9.46
PSL 9 | Short Highlights | Peshawar Zalmi vs Islamabad United | Match 33 | M2A1A,16-Mar-24,790,0,4097,26,303,96.41,31,832,8,91,46.21,83303,5816.9211,83,0:04:11,923542,7.35
2nd Innings Powerplay | Lahore Qalandars vs Peshawar Zalmi | Match 12 | HBL PSL 9 | M2A1A,25-Feb-24,787,0,1,11,40,98.66,6,443,6,48,56.37,42615,1534.7978,42,0:02:09,296387,12.28
Outclass Batting By World No. 1Ô∏è‚É£ Batsman King Babar Azam Against South Africa | CSA | MJ2A,14-May-23,782,0,4,65,2145,98.12,40,2086,12,207,33.05,139445,6579.362,195,0:02:49,1543691,7.63
PSL 9 | Last Over Drama at Karachi | Karachi Kings vs Peshawar Zalmi | Match 29 | M1Z2A,11-Mar-24,781,0,60,24,791,98.65,17,1245,6,112,67.92,103564,1992.9711,106,0:01:09,1039926,7.96
PSL 9 | Super Last Over Drama | Multan Sultans vs Islamabad United | Match 34 Final | M1Z2A,18-Mar-24,776,0,53,49,731,98.22,20,1103,6,93,64.03,103572,2192.244,87,0:01:16,684179,11.5
PSL 9 | Saim Ayub's Magic Worked | Islamabad United vs Peshawar Zalmi | Match 20 | M1Z2A,4-Mar-24,775,0,53,22,603,99.06,12,1269,11,77,61.03,71713,1458.873,66,0:01:13,534087,11.17
Azam Khan Showing His Power | Watch All Sixes From Azam Khan in HBL PSL 9 | M2A1A,13-May-24,775,0,3,37,517,95.62,35,764,9,110,41.79,181529,4403.8524,101,0:01:27,1045127,16.25
PSL 9 | 2nd Innings Powerplay | Karachi Kings vs Peshawar Zalmi | Match 29 | M2A1A,11-Mar-24,772,0,2,4,17,97.94,7,333,3,31,56.82,42648,1319.2356,28,0:01:51,209456,14.87
PSL 9 | 2nd Innings Powerplay | Islamabad United vs Multan Sultans | Match 27 | M2A1A,10-Mar-24,771,0,,4,26,98.08,5,255,3,16,62.58,24404,814.4473,13,0:02:00,153967,11.61
Shahid Afridi vs Chris Gayle | Boom Boom vs Universe Boss | 6Ô∏è‚É£-4Ô∏è‚É£-6Ô∏è‚É£-6Ô∏è‚É£ | HBL PSL 2017 | MB2A,26-Jul-23,769,0,4,27,666,97.33,31,1130,11,233,51.06,217559,5060.6166,222,0:01:23,2969400,6.55
4Ô∏è‚É£-6Ô∏è‚É£-6Ô∏è‚É£-6Ô∏è‚É£-6Ô∏è‚É£ | Hasan Ali on Beast Mode! | South Africa vs Pakistan | ODI | CSA | MJ2A,22-Oct-23,759,0,5,5,61,98.33,4,236,11,27,32.97,142929,1204.111,16,0:00:30,75370,3.83
Saim Ayub The New Mr. 360¬∞ | Fantastic Innings vs New Zealand | PCB,12-Jan-24,755,0,30,62,991,97.32,43,1561,18,277,53.56,304519,4938.4054,259,0:00:58,2577203,10.36
Test Match Thriller | Australia's Fall of Wickets vs Pakistan | Pakistan vs Australia | PCB | MM2A,25-Dec-23,746,0,2,16,163,96.75,42,1249,9,317,28.82,351221,13524.6683,308,0:02:18,2074016,14.39
Haris Rauf vs Mark Wood | Pakistan vs England | PCB | MU2T,27-Sep-22,743,0,2,18,456,99.58,3,711,5,58,57.88,65829,1248.9625,53,0:01:08,545796,10.68
High Voltage Match | Drama At The End | Pakistan vs New Zealand | PCB | M2B2L,12-Jan-24,737,0,25,38,391,95.08,99,1914,38,541,21.51,336792,24426.561,503,0:04:21,2819712,9.95
Australia All Out on 89 Runs | Highlights | Pakistan vs Australia | T20I | PCB | MA2L,29-Jan-23,737,0,1,23,728,94.63,174,3065,27,932,35.43,520013,51122.1157,905,0:05:53,7679188,5.48
Raining Boundaries & Fall of Wickets at Karachi | Pakistan vs West Indies | T20I | PCB | MK2A,25-Jan-24,736,0,2,42,567,95.13,162,3165,39,640,32.36,392936,40047.8375,601,0:06:06,5941850,5.31
Mohammad Rizwan Hits 1st T20I Century Against Proteas | Pakistan vs South Africa | T20I | PCB | ME2A,25-Aug-23,734,0,,4,77,97.44,4,152,1,12,53.06,12713,616.4929,11,0:02:54,81635,3.14
PSL 9 | 2nd Innings Powerplay | Quetta Gladiators vs Multan Sultans | Match 30 | M1Z2A,12-Mar-24,732,0,,1,25,98.94,2,186,1,16,63.5,21811,442.4203,15,0:01:13,182573,8.97
Unforgettable Win | Pakistan vs Sri Lanka | 1st ODI Highlights | PCB | MA2E,22-Apr-21,732,1,1,11,352,94.28,100,1649,17,286,34.22,232219,38232.1282,269,0:09:52,3091101,5.03
Highlights | South Africa vs Pakistan | T20I | CSA | MJ2A,20-Jul-23,732,0,2,44,265,96.62,58,1657,35,292,29.97,195297,17886.4813,257,0:05:29,3098284,4.68
Saim Ayub & Babar Azam's Show | Peshawar Zalmi vs Islamabad United | Match 13 | HBL PSL 9 | M2A1A,26-Feb-24,728,0,5,9,162,98.78,6,486,3,42,52.23,37885,1192.7155,39,0:01:53,318406,10.06
Another Last Over Drama | Peshawar Zalmi vs Islamabad United | Match 13 | HBL PSL 9 | M2A1A,26-Feb-24,727,0,6,2,114,98.53,9,605,7,36,51.25,56657,1758.3871,29,0:01:51,587387,8.17
PSL 9 | Shah Brothers vs Mohammad Amir | Islamabad United vs Quetta Gladiators | Match 32 | M1Z2A,15-Mar-24,727,0,85,10,398,98.8,4,328,4,37,57.63,84835,828.4916,33,0:00:35,308714,10.14
Highlights | Sri Lanka vs Pakistan | 1st Test Day 3 | PCB | M6C2A,15-Jul-23,726,0,1,42,140,96.3,45,1170,25,318,25.68,199191,6948.2497,293,0:02:05,1487934,7.13
Highlights | Pakistan vs England | 1st ODI 2015 | PCB | MA2A,2-Apr-23,724,0,11,13,1117,96.96,51,1629,9,185,32.22,155205,14070.7647,176,0:05:26,1660218,6.79
"Inzamam-ul-Haq Played a Captain's Knock | Pakistan vs England | 4th ODI, 2005 | PCB | MA2A",8-Aug-23,724,0,,64,264,97.79,32,1413,7,200,44.3,177253,5082.7187,193,0:01:43,1507641,10.9
Highlights | South Africa vs Pakistan | ODI | CSA | MJ2A,30-Aug-23,721,1,1,17,430,94.38,79,1326,16,359,19.51,255119,13465.0097,343,0:03:10,2014175,11.1
Highlights | Pakistan vs England | T20I | PCB | MU2A,14-Aug-23,720,0,1,19,343,96.38,66,1755,20,303,27.71,224738,18541.9269,283,0:04:57,2653913,7.25
Rapid Fire Century By Afaq Ahmed | Ghani Value Glass vs Kingdom Valley | Match 13 | GRT 2024,25-Mar-24,717,0,1,14,189,98.84,6,510,3,43,46.26,37376,917.4188,40,0:01:28,499928,6.38
Innings of The Lifetime | Babar Azam's Splendid Knock of 1Ô∏è‚É£9Ô∏è‚É£6Ô∏è‚É£ Against Australia | PCB | MM2A,10-Jul-23,717,0,1,24,74,99.06,6,635,3,61,34.1,52599,2551.3078,58,0:02:54,728333,4.81
Shadab Khan Kay Sath Match Dekhna Na Mumkin Hai | Special Event | PCB | MA2T,8-Dec-22,717,1,,3,68,99.26,3,403,1,47,71.33,25614,324.7969,46,0:00:45,318826,6.83
PSL 9 | 2nd Innings Powerplay | Karachi Kings vs Lahore Qalandars | Match 26 | M2A1A,9-Mar-24,711,0,,5,19,98.51,3,199,2,14,60.03,24720,758.5051,12,0:01:50,160357,13.09
2nd Innings Powerplay | Lahore Qalandars vs Quetta Gladiators | Match 4 | HBL PSL 9 | M2A1A,19-Feb-24,710,0,27,8,62,97.88,8,369,9,67,51.48,46119,1919.1159,58,0:02:29,339605,12.33
Clash of Titans | Imad Wasim vs Shadab Khan | HBL PSL | ML2L,10-Feb-23,702,0,,7,672,96.98,13,418,3,50,51.36,78619,1256.2843,47,0:00:57,624582,11.36
Epic Finish | Low Scoring Thriller | High Voltage Match | Pakistan vs Australia | T20I | PCB | MM2A,30-Oct-23,698,0,16,12,128,95.73,33,739,6,121,30.6,114958,9694.2874,115,0:05:03,1478065,6.28
Most Epic Last Over | Lahore Qalandars vs Karachi Kings | Match 10 | HBL PSL 9 | M2A1A,24-Feb-24,696,0,12,32,267,97.35,14,514,4,41,59.31,69776,2310.632,37,0:01:59,648572,9.19
Shaheens Demolish Kiwis at Lahore | Pakistan vs New Zealand | T20I | PCB | M2B2A,21-Oct-23,695,0,5,25,101,97.06,26,859,22,121,29.8,115740,10240.8485,99,0:05:18,1604699,5.35
Saim Ayub's No Looking Shot | Peshawar Zalmi vs Islamabad United | Match 13 | HBL PSL 9 | M2A1A,26-Feb-24,689,0,8,26,1993,98.9,10,901,5,71,79.77,65742,582.7015,66,0:00:31,449546,12.64
PSL 9 | Winning Moments | Quetta Gladiators vs Lahore Qalandars | Match 28 | M1Z2A,10-Mar-24,683,0,68,22,339,98.51,15,990,4,63,42.69,112153,1569.4785,59,0:00:50,607390,7.65
PSL 9 | Full Highlights | Islamabad United vs Multan Sultans | Match 27 | M2A1A,10-Mar-24,678,0,3785,353,5871,97.3,441,15913,154,2253,41.67,998029,179764.0441,2099,0:10:48,8137630,9.9
Dream Debut By Will Jacks | 6 Wickets Haul | Pakistan vs England | 1st Test Day 4 | PCB | MY2L,4-Dec-22,676,0,1,41,188,97.84,53,2403,26,178,49.83,253864,4146.5422,152,0:00:58,2973939,7.37
2nd Innings Highlights | Quetta Gladiators v Islamabad United | Match 8 | HBL PSL 9 | M2A1A,22-Feb-24,673,0,185,100,588,98.17,58,3108,44,601,49.86,328562,22390.6802,557,0:04:05,3363412,8.62
Mohammad Haris All Sixes Collection in HBL PSL 8 | HBL PSL 8 | MI2A,19-Apr-23,673,1,213,35,3123,99.14,25,2895,12,328,34.9,170296,8106.1901,316,0:02:51,2319276,5.82
Heavy Fight | Ahmed Shehzad vs Mohammad Amir | HBL PSL | MB2A,10-Jul-23,671,0,2,11,83,97.37,3,111,6,9,64.23,6425,105.4621,3,0:00:59,35966,3.71
Dressing Room Diaries: Mickey Arthur Presents The ùôûùô¢ùô•ùôñùôòùô© ùô•ùô°ùôñùôÆùôöùôß Award to Saud Shakeel ü§© | MA2A,7-Oct-23,670,0,53,120,217,99.32,18,2631,12,225,50.49,75368,2399.422,213,0:01:54,547740,12.1
PSL 9 | Babar Azam & Saim Ayub on Fire | Peshawar Zalmi vs Quetta Gladiators | Match 25 | M1Z2A,8-Mar-24,668,0,33,24,751,98.8,12,985,12,70,62.26,73810,1276.5455,58,0:01:02,535282,11.35
Training Grind Under Lights as we Look to Bounce Back üèüÔ∏èüèè | PCB | MA2A,18-Oct-23,668,0,9,58,78,98.66,10,736,1,39,56.73,30281,505.7661,38,0:01:00,247154,10.03
The Speed Gun on Fire | Haris Rauf Wickets vs Australia | Pakistan vs Australia | PCB | MM2L,8-Apr-22,664,0,7,6,1440,99.06,4,423,3,49,46.9,41436,599.191,46,0:00:52,366212,10.08
PSL 9 | Full Highlights | Peshawar Zalmi vs Islamabad United | Match 33 | M2A1A,16-Mar-24,663,0,16628,853,7422,96.77,828,24768,191,2850,43.13,1288465,230784.8411,2659,0:10:44,11259950,9.7
W - W | Double Wicket 1st Over By Shaheen Shah Afridi | Eagle ü¶Ö At His Very Best | PCB | M2B2A,10-Jul-23,660,0,,4,43,96.73,5,148,5,9,44.42,16483,349.8397,4,0:01:16,67908,4.59
Shaheen Afridi Destroys Everyone | All Wickets By Shaheen Afridi | PCB | MA2L,17-Mar-22,655,0,,2,23,98.31,1,58,1,6,73.17,7061,166.4865,5,0:01:24,4004,9.67
High Scoring Game | Record Chase at Rawalpindi | Pakistan vs New Zealand | T20I | M2B2A,29-Mar-24,655,0,10,47,764,96.57,96,2700,23,404,28.7,302731,24644.48,381,0:04:53,4096993,6.06
Azam Khan vs Tabraiz Shamsi | Islamabad United vs Karachi Kings | Match 19 | HBL PSL 8 | MI2A,3-Mar-23,655,0,1,2,222,98.75,4,315,3,37,60.64,34946,653.4138,34,0:01:07,298113,10.37
Rashid Khan vs Tom Kohler-Cadmore | Peshawar Zalmi vs Lahore Qalandars | Match 23 | HBL PSL 8 | MI2A,7-Mar-23,655,0,1,18,468,98.5,11,721,9,63,54.2,76720,1293.6943,54,0:01:00,752815,9.08
Top Knock from Saim Ayub | Multan Sultans vs Peshawar Zalmi | Match 5 | HBL PSL 8 | MI2A,17-Feb-23,653,0,,7,701,98.32,8,468,5,69,56.52,51416,952.5651,64,0:01:06,482067,9.12
Highest Successful Run Chase | Highlights | Pakistan vs Australia | 2nd ODI 2022 | PCB | MM2A,31-Mar-23,653,0,,5,211,94.8,41,748,5,153,33.04,115449,11315.4601,148,0:05:52,1028800,8.6
Kiwis Can't Play Mohammad Amir & Shaheen Shah Afridi | 2nd T20I 2024 | PCB | M2E2A,20-Apr-24,652,0,3,32,309,97.51,13,509,3,76,41.67,116152,1532.6685,73,0:00:47,368925,9.04
PSL 9 | Full Highlights | Karachi Kings vs Peshawar Zalmi | Match 29 | M2A1A,11-Mar-24,649,0,8183,473,5789,97.16,559,19116,146,2286,39.95,1049263,173374.3336,2140,0:09:54,8663631,10.19
Shaheen Shah Afridi is Unplayable | Pakistan vs New Zealand | 5th T20I 2024 | PCB | M2E2A,27-Apr-24,649,0,1,7,125,98.18,5,269,5,14,64.47,20387,222.7259,9,0:00:39,147618,10.6
üé• Watch Naseem Shah's Swinging Deliveries | Multan Sultans vs Islamabad United | HBL PSL 9 | M2A1A,20-Feb-24,648,0,379,12,1332,98.53,12,803,11,80,55.74,70371,1144.1551,69,0:00:58,827763,7.32
Unstoppable Fakhar Zaman | Explosive Century vs Islamabad United in PSL | HBL PSL 2023 | MI2A,2-Feb-24,648,0,,14,281,98.05,12,602,10,81,40.5,93427,3300.6212,71,0:02:07,901323,8.53
Highlights | Pakistan vs Australia | Historic Victory By Pakistan | ODI | PCB | MM2A,9-Aug-23,646,0,2,67,1038,96.14,195,4863,65,1142,29.02,663656,50451.0953,1077,0:04:33,8315777,7.2
Excellent Bowling By Rachin Ravindra | Pakistan vs New Zealand | 5th ODI 2023 | PCB | M2B2A,8-May-23,645,0,11,23,248,99.24,8,1040,11,124,42.6,135015,1869.4587,113,0:00:49,1056942,11.97
High Scoring Game | Babar Azam's Fantastic üíØ | Pakistan vs New Zealand | 2nd T20I 2023 | PCB | M2B2A,9-Jan-24,644,0,8,66,690,97.97,73,3515,54,670,28.8,312561,26331.6879,616,0:05:03,3374317,7.88
Raining of Sixes By Boom Boom Shahid Afridi | 6Ô∏è‚É£6Ô∏è‚É£6Ô∏è‚É£6Ô∏è‚É£6Ô∏è‚É£6Ô∏è‚É£6Ô∏è‚É£ | Pakistan vs India | PCB | MA2A,11-May-23,643,0,16,14,238,95.66,34,750,6,229,38.75,186105,9756.7723,223,0:03:08,1902705,8.18
2nd Innings Highlights | Multan Sultans vs Quetta Gladiators | Match 11 | HBL PSL 9 | M2A1A,25-Feb-24,642,0,136,39,529,98.38,33,2009,23,196,47.29,189666,12182.2775,173,0:03:51,2036346,8.24
Highlights | Pakistan vs New Zealand | T20I | PCB | M2B2A,1-Aug-23,639,0,1,42,374,97.4,45,1686,26,270,36.11,143789,15416.6877,244,0:06:25,2157461,5.55
PSL 9 | Winning Moments | Peshawar Zalmi vs Quetta Gladiators | Match 25 | M1Z2A,8-Mar-24,638,0,,14,238,99.35,9,1383,5,64,55.75,61952,978.5524,59,0:00:56,562189,8.44
Shaheen Shah Afridi vs David Warner | Dubai Capitals vs Desert Vipers | Match 17 | DP World ILT20,1-Feb-24,636,0,2,21,459,99.22,8,1019,4,61,65.4,70813,758.9441,57,0:00:38,458305,8.92
Highlights | Pakistan vs Australia | 2nd ODI 2022 | PCB | MM2L,24-Dec-22,634,0,,7,378,97.01,51,1652,9,215,34.76,167041,17611.1949,206,0:06:19,1502174,7.91
All Three T20I Centuries of Babar Azam | üíØvs SA | üíØ vs ENG | üíØ vs NZ | PCB | M2B2A,20-Apr-23,632,0,1,64,2134,98.55,28,1900,7,154,36.04,109307,5340.2102,147,0:02:55,1246655,6.75
PSL 9 | Karachi Kings are Back in Game | Karachi Kings vs Lahore Qalandars | Match 26 | M1Z2A,9-Mar-24,631,0,5,3,71,99,2,199,3,27,60.55,20670,368.5342,24,0:01:04,183997,8.56
Shaheen Afridi All Wickets Collection Against New Zealand 2023 | PCB | M2B2A,8-May-23,629,0,29,4,3280,98.37,9,542,8,53,41.72,36012,792.8612,45,0:01:19,291762,10.25
PSL 9 | Winning Moments | Peshawar Zalmi vs Islamabad United | Match 33 | M1Z2A,16-Mar-24,629,0,17,42,700,98.88,11,969,8,82,54.51,51760,924.7846,74,0:01:04,455675,9.14
PSL 9 | Ending Ceremony | Quetta Gladiators vs Multan Sultans | Match 30 | M1Z2A,12-Mar-24,628,0,7,34,94,99.44,8,1429,8,114,40.77,44468,1807.9097,106,0:02:26,582688,6.07
PSL 9 | 2nd Innings Highlights | Islamabad United vs Peshawar Zalmi | Match 20 | M2A1A,4-Mar-24,626,0,157,44,516,97.77,47,2059,23,163,55.89,169364,13252.8751,140,0:04:41,1164313,12.64
Match Winning Knock By Khawaja Nafay | Lahore Qalandars vs Quetta Gladiators | HBL PSL 9 | M2A1A,19-Feb-24,626,0,98,106,1144,98.22,36,1982,24,183,58.75,193238,6906.0416,159,0:02:08,2104998,8.34
PSL 9 | Ending Ceremony | Multan Sultans vs Peshawar Zalmi | Match 31 | M1Z2A,14-Mar-24,619,0,9,38,110,98.61,22,1564,12,196,36.35,51009,2729.439,184,0:03:12,594425,6.72
PSL 9 | 2nd Innings Highlights | Islamabad United vs Karachi Kings | Match 24 | M2A1A,7-Mar-24,619,0,2058,35,273,98.74,17,1332,13,137,57.53,133557,10671.0151,124,0:04:47,1213033,9.34
All Out in Just 60 Runs | West Indies Unbelievable Batting Collapse | PCB | MA2L,26-Jun-23,616,0,,6,47,98.25,8,448,6,51,39.21,30335,1304.9163,45,0:02:34,409888,5.01
Highlights | South Africa vs Pakistan | T20I | CSA | MJ2A,2-Jul-23,614,1,1,113,649,96.14,194,4836,61,959,31.45,541027,46219.309,898,0:05:07,7615808,5.47
Highlights | Pakistan vs New Zealand | 1st ODI 2023 | PCB | M2B2A,8-May-23,611,0,77,9,364,97.11,49,1644,15,267,28.65,168375,16894.3219,252,0:06:01,1693863,8.03
Saim Ayub Perfect Striking | Saim Ayub on the Charge | PCB | M2B2A,18-Sep-23,610,0,1,17,263,98.98,7,679,7,65,60.91,70753,1304.8969,58,0:01:06,564168,10.75
PSL 9 | Winning Moments | Karachi Kings vs Peshawar Zalmi | Match 29 | M1Z2A,11-Mar-24,608,0,6,13,313,99.41,5,845,0,32,51.28,30115,501.9429,32,0:01:00,341572,6.86
Amir vs Shaheen | Biggest Fight Between 2 Top Bowlers Of World | PSL | MI2A,22-Nov-22,607,1,,142,1283,96.6,143,4057,41,474,32.88,394363,15740.2916,433,0:02:23,3827510,8.85
üé• Watch King Babar Azam's Special Batting Against New Zealand | Pakistan vs New Zealand |PCB | M2B2A,4-Nov-23,606,0,95,55,361,98.78,17,1375,14,77,46.34,85870,1138.5967,63,0:00:47,525672,12.72
Lovely 3 Minutes of King Babar Azam Classy Shots | PCB | MA2L,2-Jun-23,606,0,1,50,8797,99.15,21,2457,10,202,42.19,101126,2287.0501,192,0:01:21,840927,10.05
üî¥ RELIVE - Abdullah Shafique's Maiden Test Century üíØ Against Australia | Test | PCB | MM2A,11-Dec-23,604,0,3,13,90,96.9,32,1000,7,201,22.32,220170,6647.6387,194,0:01:48,910977,15.72
Sohail Tanvir vs Ben Cutting | Huge Clash | HBL PSL | ML2L,5-Jul-23,602,0,1,18,299,96.68,13,379,6,33,56.75,29493,1301.8894,27,0:02:38,313528,8.05
Welcome Back Mohammad Amir | Great Comeback Bowling By Mohammad Amir | T20I | PCB | M2E2A,23-Apr-24,599,0,3,21,217,97.98,15,727,8,82,48.96,116147,1563.773,74,0:00:48,628529,12.77
Nail Biting Finish | Fighting Knocks By Both Ends | Pakistan vs New Zealand | 3rd T20I 2023 | M2B2L,19-Jan-24,598,1,118,37,728,95.69,186,4133,44,1006,28.05,577798,50774.7121,962,0:05:16,7011950,6.68
Highlights | Pakistan vs Sri Lanka | T20I | PCB | MA2L,2-Dec-22,596,0,1,119,1931,97.4,225,8435,67,1461,36.97,813537,81965.1892,1394,0:06:02,12849272,4.54
PSL 9 | Sana Javed's Reaction After Shoaib Malik Bowled | Karachi Kings vs Peshawar Zalmi | M1Z2A,11-Mar-24,594,0,271,52,881,98.6,23,1623,13,143,53.67,163541,1950.3217,130,0:00:42,1646502,8.35
PSL 9 | Double Wicket 1st Over By Hunain Shah | Islamabad United vs Peshawar Zalmi | Match20 | M1Z2A,4-Mar-24,594,0,47,10,215,97.39,9,336,2,37,45.16,47053,666.9471,35,0:00:51,221822,9.59
PSL 9 | Unbelievable Victory For United | Peshawar Zalmi vs Islamabad United | Match 33 | M1Z2A,16-Mar-24,593,0,27,31,520,98.12,17,885,11,63,58.11,69554,1201.3359,52,0:01:02,602307,9.09
PSL 9 | Winning Moments | Multan Sultans vs Peshawar Zalmi | Match 31 | M1Z2A,14-Mar-24,589,0,147,50,495,98.01,26,1283,7,119,44.93,146658,2159.893,112,0:00:53,823457,9.32
PSL 9 | Winning Moments | Peshawar Zalmi vs Multan Sultans | Match 21 | M1Z2A,5-Mar-24,586,0,48,11,148,99.24,9,1168,4,82,53.9,76774,1287.2955,78,0:01:00,606663,10.09
1st Innings Powerplay | Lahore Qalandars vs Multan Sultans | Match 14 | HBL PSL 9 | M2A1A,27-Feb-24,583,0,5,13,70,98.17,8,429,4,38,55.38,30880,1035.6373,34,0:02:00,262808,10.26
Highlights | Pakistan vs New Zealand | 2nd T20I 2024 | PCB | M2E2A,4-May-24,583,0,4,58,475,96.23,102,2604,32,600,21.96,413109,25272.6636,568,0:03:40,4785018,7.57
PSL 9 | 2nd Innings Powerplay | Multan Sultans vs Peshawar Zalmi | Match 31 | M1Z2A,14-Mar-24,583,0,3,10,43,97.13,9,305,7,20,52.98,34385,576.8532,13,0:01:00,186791,11.07
Saim Ayub Showing His Skills | Classy Innings Against Quetta | HBL PSL 2023 | MI2A,12-Feb-24,582,0,,7,469,97.51,13,509,5,80,46.53,52422,1856.5296,75,0:02:07,622962,6.92
Heavy Fight | Daryl Mitchell vs Ihsanullah | Pakistan vs New Zealand | 2nd ODI 2023 | PCB | M2B2A,29-Apr-23,581,0,,33,351,97.66,9,375,5,37,57,70403,1170.4145,32,0:00:59,707029,9.17
Full Highlights | Pakistan vs New Zealand | 4th T20I 2024 | PCB | M2E2A,25-Apr-24,581,0,10,1922,5899,95.37,1198,24662,285,5483,31.1,2140717,261322.6107,5198,0:07:19,26608346,6.7
Fighting Match | Shahid Afridi VS Muhammad Amir | PSL|M1G1,22-Dec-19,579,0,2,8,111,99.28,1,137,7,65,30.59,41389,3925.3188,58,0:05:41,553658,5.96
Super Over Thriller Match | Highlights | Pakistan vs Australia | PCB | M6B2L,20-Jan-24,576,0,1,8,108,93.24,39,538,5,128,34.35,101261,11931.9448,123,0:07:04,1504408,5.32
Saim Ayub Double Century Highlights | Faisalabad vs Karachi Whites | Day 1 | Final | #QeAT 2023/24,22-Oct-23,573,0,3,25,389,98.79,11,901,11,120,43.01,57474,2451.4238,109,0:02:33,685313,7.24
Low Scoring Game But Dramatic End at Lahore | Pakistan vs Australia | T20I | PCB | MM2A,29-May-24,573,0,7,65,294,96.5,76,2094,17,316,27.92,281742,21455.6794,299,0:04:34,3222396,7.77
Shaheen Afridi vs Mohammad Rizwan | Lahore Qalandars vs Multan Sultans | Match 31 | HBL PSL 8 | MI2A,15-Mar-23,572,0,4,2,272,99.15,2,233,4,34,49.64,20296,310.6381,30,0:00:55,184670,9.54
PSL 9 | Every Naseem Shah's Wickets in HBL PSL 2024 | HBL PSL 9 | M1Z2A,12-Apr-24,568,0,4,17,396,98.2,7,381,9,22,58.08,17843,339.6924,13,0:01:08,229183,5.71